prediction_id,runner_id,target_race_id,model_id,model_version,evaluation_protocol_id,prediction_generated_at,training_cutoff,training_race_ids,training_session_manifest_hash,feature_contract_version,predicted_pace_sec_per_km,predicted_total_time_s,prediction_status,actual_pace_sec_per_km,actual_total_time_s,error_pace_sec_per_km,error_total_time_s,coverage_status,code_commit,distance_class,model_detail
b9b9a33f2b47f8596b377327,bqr_runner_001,bqr_runner_001__2019-11-03__marathon__01,baseline_last_race_v1,1.0,walk_forward_pre_race_v1,2026-08-03T00:00:00+00:00,2019-11-03T06:40:04.418000,[],4211f9d630f4a21df2ce1ed4afbade1e33e032994e88358412fd8f06efb914d5,d3-pre-race-features-1.0,,,insufficient_history,259.48572105699725,10949.0,,,not_covered,6f794a87563d8042a3268ef279bdec326cd23f21,Marathon,requires one prior same-class race
82d282f9121d4a930001a109,bqr_runner_001,bqr_runner_001__2019-11-03__marathon__01,baseline_class_median_v1,1.0,walk_forward_pre_race_v1,2026-08-03T00:00:00+00:00,2019-11-03T06:40:04.418000,[],4211f9d630f4a21df2ce1ed4afbade1e33e032994e88358412fd8f06efb914d5,d3-pre-race-features-1.0,,,insufficient_history,259.48572105699725,10949.0,,,not_covered,6f794a87563d8042a3268ef279bdec326cd23f21,Marathon,requires two prior same-class races
daac77dcedcc07a0338801d1,bqr_runner_001,bqr_runner_001__2019-11-03__marathon__01,baseline_recent_pace_v1,1.0,walk_forward_pre_race_v1,2026-08-03T00:00:00+00:00,2019-11-03T06:40:04.418000,[],4211f9d630f4a21df2ce1ed4afbade1e33e032994e88358412fd8f06efb914d5,d3-pre-race-features-1.0,283.16882376572426,11948.308518794734,predicted,259.48572105699725,10949.0,23.683102708727006,999.3085187947345,covered,6f794a87563d8042a3268ef279bdec326cd23f21,Marathon,
c3e699de2a7274e5ff1cf35a,bqr_runner_001,bqr_runner_001__2019-11-03__marathon__01,baseline_distance_scaling_v1,1.0,walk_forward_pre_race_v1,2026-08-03T00:00:00+00:00,2019-11-03T06:40:04.418000,[],4211f9d630f4a21df2ce1ed4afbade1e33e032994e88358412fd8f06efb914d5,d3-pre-race-features-1.0,,,insufficient_history,259.48572105699725,10949.0,,,not_covered,6f794a87563d8042a3268ef279bdec326cd23f21,Marathon,requires one prior verified race
10fea22390368dcb654b7cac,bqr_runner_001,bqr_runner_001__2019-11-03__marathon__01,pace_hr_linear_v1,1.0,walk_forward_pre_race_v1,2026-08-03T00:00:00+00:00,2019-11-03T06:40:04.418000,[],4211f9d630f4a21df2ce1ed4afbade1e33e032994e88358412fd8f06efb914d5,d3-pre-race-features-1.0,283.0843385749373,11944.74366616948,predicted,259.48572105699725,10949.0,23.598617517940056,995.7436661694792,covered,6f794a87563d8042a3268ef279bdec326cd23f21,Marathon,
129ed93bc9c9afde6a428871,bqr_runner_001,bqr_runner_001__2019-11-03__marathon__01,efficiency_pace_hr_linear_v1,1.0,walk_forward_pre_race_v1,2026-08-03T00:00:00+00:00,2019-11-03T06:40:04.418000,[],4211f9d630f4a21df2ce1ed4afbade1e33e032994e88358412fd8f06efb914d5,d3-pre-race-features-1.0,282.68154749690257,11927.747896631803,predicted,259.48572105699725,10949.0,23.195826439905318,978.7478966318031,covered,6f794a87563d8042a3268ef279bdec326cd23f21,Marathon,
dec69e14707916c9d1322f3d,bqr_runner_001,bqr_runner_001__2019-11-03__marathon__01,efficiency_speed_hr_linear_v2,1.0,walk_forward_pre_race_v1,2026-08-03T00:00:00+00:00,2019-11-03T06:40:04.418000,[],4211f9d630f4a21df2ce1ed4afbade1e33e032994e88358412fd8f06efb914d5,d3-pre-race-features-1.0,289.8061092164514,12228.368778388165,predicted,259.48572105699725,10949.0,30.320388159454126,1279.368778388165,covered,6f794a87563d8042a3268ef279bdec326cd23f21,Marathon,
ce51eafa1e6388ed6ec6c106,bqr_runner_001,bqr_runner_001__2019-11-03__marathon__01,distance_profile_regression_v1,1.0,walk_forward_pre_race_v1,2026-08-03T00:00:00+00:00,2019-11-03T06:40:04.418000,[],4211f9d630f4a21df2ce1ed4afbade1e33e032994e88358412fd8f06efb914d5,d3-pre-race-features-1.0,263.3480741185625,11111.971987432746,predicted,259.48572105699725,10949.0,3.8623530615652726,162.97198743274566,covered,6f794a87563d8042a3268ef279bdec326cd23f21,Marathon,
01344502bd54c430e0a23077,bqr_runner_001,bqr_runner_001__2019-11-03__marathon__01,recent_vs_peak_blend_v1,1.0,walk_forward_pre_race_v1,2026-08-03T00:00:00+00:00,2019-11-03T06:40:04.418000,[],4211f9d630f4a21df2ce1ed4afbade1e33e032994e88358412fd8f06efb914d5,d3-pre-race-features-1.0,289.21143751758456,12203.27660605448,predicted,259.48572105699725,10949.0,29.725716460587307,1254.27660605448,covered,6f794a87563d8042a3268ef279bdec326cd23f21,Marathon,
f0f2ba37cfcf62b183674146,bqr_runner_001,bqr_runner_001__2019-11-03__marathon__01,race_specific_history_v1,1.0,walk_forward_pre_race_v1,2026-08-03T00:00:00+00:00,2019-11-03T06:40:04.418000,[],4211f9d630f4a21df2ce1ed4afbade1e33e032994e88358412fd8f06efb914d5,d3-pre-race-features-1.0,,,insufficient_history,259.48572105699725,10949.0,,,not_covered,6f794a87563d8042a3268ef279bdec326cd23f21,Marathon,requires four races over two distances
283923873c602677faa2d73f,bqr_runner_001,bqr_runner_001__2019-11-03__marathon__01,baseline_distance_scaling_personalized_v1,1.0,walk_forward_pre_race_v1,2026-08-03T00:00:00+00:00,2019-11-03T06:40:04.418000,[],4211f9d630f4a21df2ce1ed4afbade1e33e032994e88358412fd8f06efb914d5,d3-pre-race-features-1.0,,,insufficient_history,259.48572105699725,10949.0,,,not_covered,6f794a87563d8042a3268ef279bdec326cd23f21,Marathon,requires three races over two distances
9698218d93f1bce30328ace3,bqr_runner_001,bqr_runner_001__2019-11-17__half__01,baseline_last_race_v1,1.0,walk_forward_pre_race_v1,2026-08-03T00:00:00+00:00,2019-11-17T07:47:32.788000,[],246e839bd6eef0a51b66d698cbda90bb33499a0a579801c48614549277c9fc2c,d3-pre-race-features-1.0,,,insufficient_history,230.09844768337481,4854.502,,,not_covered,6f794a87563d8042a3268ef279bdec326cd23f21,Half Marathon,requires one prior same-class race
b05f8dea7e4cea883a993af8,bqr_runner_001,bqr_runner_001__2019-11-17__half__01,baseline_class_median_v1,1.0,walk_forward_pre_race_v1,2026-08-03T00:00:00+00:00,2019-11-17T07:47:32.788000,[],246e839bd6eef0a51b66d698cbda90bb33499a0a579801c48614549277c9fc2c,d3-pre-race-features-1.0,,,insufficient_history,230.09844768337481,4854.502,,,not_covered,6f794a87563d8042a3268ef279bdec326cd23f21,Half Marathon,requires two prior same-class races
7e58649fa1526d029bf65b42,bqr_runner_001,bqr_runner_001__2019-11-17__half__01,baseline_recent_pace_v1,1.0,walk_forward_pre_race_v1,2026-08-03T00:00:00+00:00,2019-11-17T07:47:32.788000,"[""bqr_runner_001__2019-11-03__marathon__01""]",246e839bd6eef0a51b66d698cbda90bb33499a0a579801c48614549277c9fc2c,d3-pre-race-features-1.0,280.1640295412058,5910.760613245589,predicted,230.09844768337481,4854.502,50.065581857831006,1056.258613245589,covered,6f794a87563d8042a3268ef279bdec326cd23f21,Half Marathon,
7be9e567951fdd93414d926b,bqr_runner_001,bqr_runner_001__2019-11-17__half__01,baseline_distance_scaling_v1,1.0,walk_forward_pre_race_v1,2026-08-03T00:00:00+00:00,2019-11-17T07:47:32.788000,"[""bqr_runner_001__2019-11-03__marathon__01""]",246e839bd6eef0a51b66d698cbda90bb33499a0a579801c48614549277c9fc2c,d3-pre-race-features-1.0,248.9153416872217,5251.49142124616,predicted,230.09844768337481,4854.502,18.816894003846897,396.9894212461595,covered,6f794a87563d8042a3268ef279bdec326cd23f21,Half Marathon,
67cfc2d05b442b58001427ac,bqr_runner_001,bqr_runner_001__2019-11-17__half__01,pace_hr_linear_v1,1.0,walk_forward_pre_race_v1,2026-08-03T00:00:00+00:00,2019-11-17T07:47:32.788000,"[""bqr_runner_001__2019-11-03__marathon__01""]",246e839bd6eef0a51b66d698cbda90bb33499a0a579801c48614549277c9fc2c,d3-pre-race-features-1.0,282.561228830275,5961.335525246727,predicted,230.09844768337481,4854.502,52.4627811469002,1106.8335252467268,covered,6f794a87563d8042a3268ef279bdec326cd23f21,Half Marathon,
cec709f22fbcf8e6f373a14f,bqr_runner_001,bqr_runner_001__2019-11-17__half__01,efficiency_pace_hr_linear_v1,1.0,walk_forward_pre_race_v1,2026-08-03T00:00:00+00:00,2019-11-17T07:47:32.788000,"[""bqr_runner_001__2019-11-03__marathon__01""]",246e839bd6eef0a51b66d698cbda90bb33499a0a579801c48614549277c9fc2c,d3-pre-race-features-1.0,281.73314931294067,5943.865117629765,predicted,230.09844768337481,4854.502,51.63470162956585,1089.363117629765,covered,6f794a87563d8042a3268ef279bdec326cd23f21,Half Marathon,
a5945c088da31203aa222140,bqr_runner_001,bqr_runner_001__2019-11-17__half__01,efficiency_speed_hr_linear_v2,1.0,walk_forward_pre_race_v1,2026-08-03T00:00:00+00:00,2019-11-17T07:47:32.788000,"[""bqr_runner_001__2019-11-03__marathon__01""]",246e839bd6eef0a51b66d698cbda90bb33499a0a579801c48614549277c9fc2c,d3-pre-race-features-1.0,288.6610332272095,6090.026148511052,predicted,230.09844768337481,4854.502,58.56258554383467,1235.5241485110519,covered,6f794a87563d8042a3268ef279bdec326cd23f21,Half Marathon,
3abaa93a03ca2b492cf9b15c,bqr_runner_001,bqr_runner_001__2019-11-17__half__01,distance_profile_regression_v1,1.0,walk_forward_pre_race_v1,2026-08-03T00:00:00+00:00,2019-11-17T07:47:32.788000,"[""bqr_runner_001__2019-11-03__marathon__01""]",246e839bd6eef0a51b66d698cbda90bb33499a0a579801c48614549277c9fc2c,d3-pre-race-features-1.0,271.2254434592852,5722.17879338227,predicted,230.09844768337481,4854.502,41.12699577591039,867.6767933822694,covered,6f794a87563d8042a3268ef279bdec326cd23f21,Half Marathon,
f3890a31443eceae2866e293,bqr_runner_001,bqr_runner_001__2019-11-17__half__01,recent_vs_peak_blend_v1,1.0,walk_forward_pre_race_v1,2026-08-03T00:00:00+00:00,2019-11-17T07:47:32.788000,"[""bqr_runner_001__2019-11-03__marathon__01""]",246e839bd6eef0a51b66d698cbda90bb33499a0a579801c48614549277c9fc2c,d3-pre-race-features-1.0,289.8094474877986,6114.254818373831,predicted,230.09844768337481,4854.502,59.71099980442378,1259.7528183738305,covered,6f794a87563d8042a3268ef279bdec326cd23f21,Half Marathon,
fd259bb564673c3f178e297f,bqr_runner_001,bqr_runner_001__2019-11-17__half__01,race_specific_history_v1,1.0,walk_forward_pre_race_v1,2026-08-03T00:00:00+00:00,2019-11-17T07:47:32.788000,"[""bqr_runner_001__2019-11-03__marathon__01""]",246e839bd6eef0a51b66d698cbda90bb33499a0a579801c48614549277c9fc2c,d3-pre-race-features-1.0,,,insufficient_history,230.09844768337481,4854.502,,,not_covered,6f794a87563d8042a3268ef279bdec326cd23f21,Half Marathon,requires four races over two distances
e760bcba03f4de84dcb07273,bqr_runner_001,bqr_runner_001__2019-11-17__half__01,baseline_distance_scaling_personalized_v1,1.0,walk_forward_pre_race_v1,2026-08-03T00:00:00+00:00,2019-11-17T07:47:32.788000,"[""bqr_runner_001__2019-11-03__marathon__01""]",246e839bd6eef0a51b66d698cbda90bb33499a0a579801c48614549277c9fc2c,d3-pre-race-features-1.0,,,insufficient_history,230.09844768337481,4854.502,,,not_covered,6f794a87563d8042a3268ef279bdec326cd23f21,Half Marathon,requires three races over two distances
b09c27f696cc947d7a1ce952,bqr_runner_001,bqr_runner_001__2021-12-12__marathon__01,baseline_last_race_v1,1.0,walk_forward_pre_race_v1,2026-08-03T00:00:00+00:00,2021-12-12T07:00:03.770000,"[""bqr_runner_001__2019-11-03__marathon__01""]",54b2b35a5fe58d06a2cd436b842ff800e2eb30a626f3663062ffa6753d19c7d6,d3-pre-race-features-1.0,259.48572105699725,10948.999999999998,predicted,265.73357032823793,11212.628,-6.247849271240682,-263.62800000000243,covered,6f794a87563d8042a3268ef279bdec326cd23f21,Marathon,
cddde6a2a468da4315f9600a,bqr_runner_001,bqr_runner_001__2021-12-12__marathon__01,baseline_class_median_v1,1.0,walk_forward_pre_race_v1,2026-08-03T00:00:00+00:00,2021-12-12T07:00:03.770000,"[""bqr_runner_001__2019-11-03__marathon__01""]",54b2b35a5fe58d06a2cd436b842ff800e2eb30a626f3663062ffa6753d19c7d6,d3-pre-race-features-1.0,,,insufficient_history,265.73357032823793,11212.628,,,not_covered,6f794a87563d8042a3268ef279bdec326cd23f21,Marathon,requires two prior same-class races
fd799b28c6be16bd95244107,bqr_runner_001,bqr_runner_001__2021-12-12__marathon__01,baseline_recent_pace_v1,1.0,walk_forward_pre_race_v1,2026-08-03T00:00:00+00:00,2021-12-12T07:00:03.770000,"[""bqr_runner_001__2019-11-03__marathon__01"",""bqr_runner_001__2019-11-17__half__01""]",54b2b35a5fe58d06a2cd436b842ff800e2eb30a626f3663062ffa6753d19c7d6,d3-pre-race-features-1.0,275.33578278537107,11617.793354628731,predicted,265.73357032823793,11212.628,9.602212457133135,405.1653546287307,covered,6f794a87563d8042a3268ef279bdec326cd23f21,Marathon,
5aa5547fabe02a4f69ebaf5e,bqr_runner_001,bqr_runner_001__2021-12-12__marathon__01,baseline_distance_scaling_v1,1.0,walk_forward_pre_race_v1,2026-08-03T00:00:00+00:00,2021-12-12T07:00:03.770000,"[""bqr_runner_001__2019-11-17__half__01""]",54b2b35a5fe58d06a2cd436b842ff800e2eb30a626f3663062ffa6753d19c7d6,d3-pre-race-features-1.0,239.8697533326103,10121.304241869491,predicted,265.73357032823793,11212.628,-25.863816995627644,-1091.3237581305093,covered,6f794a87563d8042a3268ef279bdec326cd23f21,Marathon,
71cb27e5d0a3f91b4b1555f3,bqr_runner_001,bqr_runner_001__2021-12-12__marathon__01,pace_hr_linear_v1,1.0,walk_forward_pre_race_v1,2026-08-03T00:00:00+00:00,2021-12-12T07:00:03.770000,"[""bqr_runner_001__2019-11-03__marathon__01"",""bqr_runner_001__2019-11-17__half__01""]",54b2b35a5fe58d06a2cd436b842ff800e2eb30a626f3663062ffa6753d19c7d6,d3-pre-race-features-1.0,306.37908883051887,12927.665653203743,predicted,265.73357032823793,11212.628,40.645518502280936,1715.0376532037426,covered,6f794a87563d8042a3268ef279bdec326cd23f21,Marathon,
c76f55397accd54116e34d84,bqr_runner_001,bqr_runner_001__2021-12-12__marathon__01,efficiency_pace_hr_linear_v1,1.0,walk_forward_pre_race_v1,2026-08-03T00:00:00+00:00,2021-12-12T07:00:03.770000,"[""bqr_runner_001__2019-11-03__marathon__01"",""bqr_runner_001__2019-11-17__half__01""]",54b2b35a5fe58d06a2cd436b842ff800e2eb30a626f3663062ffa6753d19c7d6,d3-pre-race-features-1.0,280.06712268051416,11817.432241504295,predicted,265.73357032823793,11212.628,14.333552352276229,604.8042415042946,covered,6f794a87563d8042a3268ef279bdec326cd23f21,Marathon,
5f87d2cc00ecaf0d4d4737d4,bqr_runner_001,bqr_runner_001__2021-12-12__marathon__01,efficiency_speed_hr_linear_v2,1.0,walk_forward_pre_race_v1,2026-08-03T00:00:00+00:00,2021-12-12T07:00:03.770000,"[""bqr_runner_001__2019-11-03__marathon__01"",""bqr_runner_001__2019-11-17__half__01""]",54b2b35a5fe58d06a2cd436b842ff800e2eb30a626f3663062ffa6753d19c7d6,d3-pre-race-features-1.0,263.26872460858397,11108.6238348592,predicted,265.73357032823793,11212.628,-2.4648457196539653,-104.00416514080098,covered,6f794a87563d8042a3268ef279bdec326cd23f21,Marathon,
2b21fbd6a8ed868778ac329f,bqr_runner_001,bqr_runner_001__2021-12-12__marathon__01,distance_profile_regression_v1,1.0,walk_forward_pre_race_v1,2026-08-03T00:00:00+00:00,2021-12-12T07:00:03.770000,"[""bqr_runner_001__2019-11-03__marathon__01"",""bqr_runner_001__2019-11-17__half__01""]",54b2b35a5fe58d06a2cd436b842ff800e2eb30a626f3663062ffa6753d19c7d6,d3-pre-race-features-1.0,290.04427653619894,12238.418248444914,predicted,265.73357032823793,11212.628,24.310706207961005,1025.7902484449132,covered,6f794a87563d8042a3268ef279bdec326cd23f21,Marathon,
a5b0ab3bea5cf263dcbeb841,bqr_runner_001,bqr_runner_001__2021-12-12__marathon__01,recent_vs_peak_blend_v1,1.0,walk_forward_pre_race_v1,2026-08-03T00:00:00+00:00,2021-12-12T07:00:03.770000,"[""bqr_runner_001__2019-11-03__marathon__01"",""bqr_runner_001__2019-11-17__half__01""]",54b2b35a5fe58d06a2cd436b842ff800e2eb30a626f3663062ffa6753d19c7d6,d3-pre-race-features-1.0,279.2113700907356,11781.32376097859,predicted,265.73357032823793,11212.628,13.477799762497682,568.6957609785895,covered,6f794a87563d8042a3268ef279bdec326cd23f21,Marathon,
e5ed81cf611947a87e611815,bqr_runner_001,bqr_runner_001__2021-12-12__marathon__01,race_specific_history_v1,1.0,walk_forward_pre_race_v1,2026-08-03T00:00:00+00:00,2021-12-12T07:00:03.770000,"[""bqr_runner_001__2019-11-03__marathon__01"",""bqr_runner_001__2019-11-17__half__01""]",54b2b35a5fe58d06a2cd436b842ff800e2eb30a626f3663062ffa6753d19c7d6,d3-pre-race-features-1.0,,,insufficient_history,265.73357032823793,11212.628,,,not_covered,6f794a87563d8042a3268ef279bdec326cd23f21,Marathon,requires four races over two distances
38d7583989c89753436d505d,bqr_runner_001,bqr_runner_001__2021-12-12__marathon__01,baseline_distance_scaling_personalized_v1,1.0,walk_forward_pre_race_v1,2026-08-03T00:00:00+00:00,2021-12-12T07:00:03.770000,"[""bqr_runner_001__2019-11-03__marathon__01"",""bqr_runner_001__2019-11-17__half__01""]",54b2b35a5fe58d06a2cd436b842ff800e2eb30a626f3663062ffa6753d19c7d6,d3-pre-race-features-1.0,,,insufficient_history,265.73357032823793,11212.628,,,not_covered,6f794a87563d8042a3268ef279bdec326cd23f21,Marathon,requires three races over two distances
a83599e1c975b15b5e890c3b,bqr_runner_001,bqr_runner_001__2022-09-04__half__01,baseline_last_race_v1,1.0,walk_forward_pre_race_v1,2026-08-03T00:00:00+00:00,2022-09-04T07:02:38.307000,"[""bqr_runner_001__2019-11-17__half__01""]",6ba65fa0fb5fb2a9086c4c02d4fe3d5992e494cdb15ccd9fa0a81a9c0d31704d,d3-pre-race-features-1.0,230.09844768337481,4854.502,predicted,239.93966109728643,5062.127,-9.841213413911618,-207.625,covered,6f794a87563d8042a3268ef279bdec326cd23f21,Half Marathon,
cab99a7825c51e914a86f4d3,bqr_runner_001,bqr_runner_001__2022-09-04__half__01,baseline_class_median_v1,1.0,walk_forward_pre_race_v1,2026-08-03T00:00:00+00:00,2022-09-04T07:02:38.307000,"[""bqr_runner_001__2019-11-17__half__01""]",6ba65fa0fb5fb2a9086c4c02d4fe3d5992e494cdb15ccd9fa0a81a9c0d31704d,d3-pre-race-features-1.0,,,insufficient_history,239.93966109728643,5062.127,,,not_covered,6f794a87563d8042a3268ef279bdec326cd23f21,Half Marathon,requires two prior same-class races
6c34bf2722f35abd5cbb3584,bqr_runner_001,bqr_runner_001__2022-09-04__half__01,baseline_recent_pace_v1,1.0,walk_forward_pre_race_v1,2026-08-03T00:00:00+00:00,2022-09-04T07:02:38.307000,"[""bqr_runner_001__2019-11-03__marathon__01"",""bqr_runner_001__2019-11-17__half__01"",""bqr_runner_001__2021-12-12__marathon__01""]",6ba65fa0fb5fb2a9086c4c02d4fe3d5992e494cdb15ccd9fa0a81a9c0d31704d,d3-pre-race-features-1.0,280.53579990375397,5918.60403846945,predicted,239.93966109728643,5062.127,40.596138806467536,856.4770384694493,covered,6f794a87563d8042a3268ef279bdec326cd23f21,Half Marathon,
fe4ba8d9f0ee863e5d0926a8,bqr_runner_001,bqr_runner_001__2022-09-04__half__01,baseline_distance_scaling_v1,1.0,walk_forward_pre_race_v1,2026-08-03T00:00:00+00:00,2022-09-04T07:02:38.307000,"[""bqr_runner_001__2021-12-12__marathon__01""]",6ba65fa0fb5fb2a9086c4c02d4fe3d5992e494cdb15ccd9fa0a81a9c0d31704d,d3-pre-race-features-1.0,254.90867931607536,5377.9358618709,predicted,239.93966109728643,5062.127,14.969018218788932,315.8088618708998,covered,6f794a87563d8042a3268ef279bdec326cd23f21,Half Marathon,
332dc5ceb8af2e85e2cdfc9a,bqr_runner_001,bqr_runner_001__2022-09-04__half__01,pace_hr_linear_v1,1.0,walk_forward_pre_race_v1,2026-08-03T00:00:00+00:00,2022-09-04T07:02:38.307000,"[""bqr_runner_001__2019-11-03__marathon__01"",""bqr_runner_001__2019-11-17__half__01"",""bqr_runner_001__2021-12-12__marathon__01""]",6ba65fa0fb5fb2a9086c4c02d4fe3d5992e494cdb15ccd9fa0a81a9c0d31704d,d3-pre-race-features-1.0,305.0997271114354,6436.841492733509,predicted,239.93966109728643,5062.127,65.16006601414898,1374.7144927335085,covered,6f794a87563d8042a3268ef279bdec326cd23f21,Half Marathon,
a68fbb110ec17c3ecb6231b7,bqr_runner_001,bqr_runner_001__2022-09-04__half__01,efficiency_pace_hr_linear_v1,1.0,walk_forward_pre_race_v1,2026-08-03T00:00:00+00:00,2022-09-04T07:02:38.307000,"[""bqr_runner_001__2019-11-03__marathon__01"",""bqr_runner_001__2019-11-17__half__01"",""bqr_runner_001__2021-12-12__marathon__01""]",6ba65fa0fb5fb2a9086c4c02d4fe3d5992e494cdb15ccd9fa0a81a9c0d31704d,d3-pre-race-features-1.0,284.8530718979505,6009.687684367011,predicted,239.93966109728643,5062.127,44.91341080066405,947.5606843670103,covered,6f794a87563d8042a3268ef279bdec326cd23f21,Half Marathon,
60603a07ec913505d3642e7e,bqr_runner_001,bqr_runner_001__2022-09-04__half__01,efficiency_speed_hr_linear_v2,1.0,walk_forward_pre_race_v1,2026-08-03T00:00:00+00:00,2022-09-04T07:02:38.307000,"[""bqr_runner_001__2019-11-03__marathon__01"",""bqr_runner_001__2019-11-17__half__01"",""bqr_runner_001__2021-12-12__marathon__01""]",6ba65fa0fb5fb2a9086c4c02d4fe3d5992e494cdb15ccd9fa0a81a9c0d31704d,d3-pre-race-features-1.0,287.4676855403375,6064.849495687271,predicted,239.93966109728643,5062.127,47.528024443051095,1002.7224956872706,covered,6f794a87563d8042a3268ef279bdec326cd23f21,Half Marathon,
43c876030a0b4264d5329ccf,bqr_runner_001,bqr_runner_001__2022-09-04__half__01,distance_profile_regression_v1,1.0,walk_forward_pre_race_v1,2026-08-03T00:00:00+00:00,2022-09-04T07:02:38.307000,"[""bqr_runner_001__2019-11-03__marathon__01"",""bqr_runner_001__2019-11-17__half__01"",""bqr_runner_001__2021-12-12__marathon__01""]",6ba65fa0fb5fb2a9086c4c02d4fe3d5992e494cdb15ccd9fa0a81a9c0d31704d,d3-pre-race-features-1.0,300.3195202610911,6335.99107870837,predicted,239.93966109728643,5062.127,60.37985916380467,1273.8640787083696,covered,6f794a87563d8042a3268ef279bdec326cd23f21,Half Marathon,
4de63fad98424decacaf395a,bqr_runner_001,bqr_runner_001__2022-09-04__half__01,recent_vs_peak_blend_v1,1.0,walk_forward_pre_race_v1,2026-08-03T00:00:00+00:00,2022-09-04T07:02:38.307000,"[""bqr_runner_001__2019-11-03__marathon__01"",""bqr_runner_001__2019-11-17__half__01"",""bqr_runner_001__2021-12-12__marathon__01""]",6ba65fa0fb5fb2a9086c4c02d4fe3d5992e494cdb15ccd9fa0a81a9c0d31704d,d3-pre-race-features-1.0,279.3675354985093,5893.9565801798,predicted,239.93966109728643,5062.127,39.42787440122288,831.8295801797994,covered,6f794a87563d8042a3268ef279bdec326cd23f21,Half Marathon,
0cbec95a89c2ee64a4293982,bqr_runner_001,bqr_runner_001__2022-09-04__half__01,race_specific_history_v1,1.0,walk_forward_pre_race_v1,2026-08-03T00:00:00+00:00,2022-09-04T07:02:38.307000,"[""bqr_runner_001__2019-11-03__marathon__01"",""bqr_runner_001__2019-11-17__half__01"",""bqr_runner_001__2021-12-12__marathon__01""]",6ba65fa0fb5fb2a9086c4c02d4fe3d5992e494cdb15ccd9fa0a81a9c0d31704d,d3-pre-race-features-1.0,,,insufficient_history,239.93966109728643,5062.127,,,not_covered,6f794a87563d8042a3268ef279bdec326cd23f21,Half Marathon,requires four races over two distances
109ca3202d70b85703bda73b,bqr_runner_001,bqr_runner_001__2022-09-04__half__01,baseline_distance_scaling_personalized_v1,1.0,walk_forward_pre_race_v1,2026-08-03T00:00:00+00:00,2022-09-04T07:02:38.307000,"[""bqr_runner_001__2019-11-03__marathon__01"",""bqr_runner_001__2019-11-17__half__01"",""bqr_runner_001__2021-12-12__marathon__01""]",6ba65fa0fb5fb2a9086c4c02d4fe3d5992e494cdb15ccd9fa0a81a9c0d31704d,d3-pre-race-features-1.0,230.09844768337436,4854.50199999999,predicted,239.93966109728643,5062.127,-9.841213413912072,-207.62500000001,covered,6f794a87563d8042a3268ef279bdec326cd23f21,Half Marathon,
1610714ed997e3045f1bbd59,bqr_runner_001,bqr_runner_001__2022-11-06__marathon__01,baseline_last_race_v1,1.0,walk_forward_pre_race_v1,2026-08-03T00:00:00+00:00,2022-11-06T06:30:26.593000,"[""bqr_runner_001__2019-11-03__marathon__01"",""bqr_runner_001__2021-12-12__marathon__01""]",d685f13ecef1bed4c2f2fbc8398bf3e81d462ddec2a1d0ae6a3f97c0d9936655,d3-pre-race-features-1.0,265.73357032823793,11212.627999999999,predicted,250.80583007465341,10582.752,14.927740253584517,629.8759999999984,covered,6f794a87563d8042a3268ef279bdec326cd23f21,Marathon,
3d2674c993d168a1c822c568,bqr_runner_001,bqr_runner_001__2022-11-06__marathon__01,baseline_class_median_v1,1.0,walk_forward_pre_race_v1,2026-08-03T00:00:00+00:00,2022-11-06T06:30:26.593000,"[""bqr_runner_001__2019-11-03__marathon__01"",""bqr_runner_001__2021-12-12__marathon__01""]",d685f13ecef1bed4c2f2fbc8398bf3e81d462ddec2a1d0ae6a3f97c0d9936655,d3-pre-race-features-1.0,262.6096456926176,11080.814,predicted,250.80583007465341,10582.752,11.803815617964204,498.0619999999999,covered,6f794a87563d8042a3268ef279bdec326cd23f21,Marathon,
a8ab747122b734398bf563e8,bqr_runner_001,bqr_runner_001__2022-11-06__marathon__01,baseline_recent_pace_v1,1.0,walk_forward_pre_race_v1,2026-08-03T00:00:00+00:00,2022-11-06T06:30:26.593000,"[""bqr_runner_001__2019-11-03__marathon__01"",""bqr_runner_001__2019-11-17__half__01"",""bqr_runner_001__2021-12-12__marathon__01"",""bqr_runner_001__2022-09-04__half__01""]",d685f13ecef1bed4c2f2fbc8398bf3e81d462ddec2a1d0ae6a3f97c0d9936655,d3-pre-race-features-1.0,279.3164244404787,11785.756529266,predicted,250.80583007465341,10582.752,28.510594365825312,1203.0045292659997,covered,6f794a87563d8042a3268ef279bdec326cd23f21,Marathon,
bc8c91ee29028aad20854c97,bqr_runner_001,bqr_runner_001__2022-11-06__marathon__01,baseline_distance_scaling_v1,1.0,walk_forward_pre_race_v1,2026-08-03T00:00:00+00:00,2022-11-06T06:30:26.593000,"[""bqr_runner_001__2022-09-04__half__01""]",d685f13ecef1bed4c2f2fbc8398bf3e81d462ddec2a1d0ae6a3f97c0d9936655,d3-pre-race-features-1.0,250.1288813617435,10554.188149058768,predicted,250.80583007465341,10582.752,-0.6769487129099048,-28.563850941232886,covered,6f794a87563d8042a3268ef279bdec326cd23f21,Marathon,
c8886c886d8d5d1d61798427,bqr_runner_001,bqr_runner_001__2022-11-06__marathon__01,pace_hr_linear_v1,1.0,walk_forward_pre_race_v1,2026-08-03T00:00:00+00:00,2022-11-06T06:30:26.593000,"[""bqr_runner_001__2019-11-03__marathon__01"",""bqr_runner_001__2019-11-17__half__01"",""bqr_runner_001__2021-12-12__marathon__01"",""bqr_runner_001__2022-09-04__half__01""]",d685f13ecef1bed4c2f2fbc8398bf3e81d462ddec2a1d0ae6a3f97c0d9936655,d3-pre-race-features-1.0,296.74616676012545,12521.204506443493,predicted,250.80583007465341,10582.752,45.94033668547203,1938.452506443493,covered,6f794a87563d8042a3268ef279bdec326cd23f21,Marathon,
9054d86d29a3dfa5dcddfa04,bqr_runner_001,bqr_runner_001__2022-11-06__marathon__01,efficiency_pace_hr_linear_v1,1.0,walk_forward_pre_race_v1,2026-08-03T00:00:00+00:00,2022-11-06T06:30:26.593000,"[""bqr_runner_001__2019-11-03__marathon__01"",""bqr_runner_001__2019-11-17__half__01"",""bqr_runner_001__2021-12-12__marathon__01"",""bqr_runner_001__2022-09-04__half__01""]",d685f13ecef1bed4c2f2fbc8398bf3e81d462ddec2a1d0ae6a3f97c0d9936655,d3-pre-race-features-1.0,272.8742439485429,11513.92872340877,predicted,250.80583007465341,10582.752,22.06841387388951,931.1767234087692,covered,6f794a87563d8042a3268ef279bdec326cd23f21,Marathon,
0e7863f70f68c6f0156626f4,bqr_runner_001,bqr_runner_001__2022-11-06__marathon__01,efficiency_speed_hr_linear_v2,1.0,walk_forward_pre_race_v1,2026-08-03T00:00:00+00:00,2022-11-06T06:30:26.593000,"[""bqr_runner_001__2019-11-03__marathon__01"",""bqr_runner_001__2019-11-17__half__01"",""bqr_runner_001__2021-12-12__marathon__01"",""bqr_runner_001__2022-09-04__half__01""]",d685f13ecef1bed4c2f2fbc8398bf3e81d462ddec2a1d0ae6a3f97c0d9936655,d3-pre-race-features-1.0,288.9628788084087,12192.788671320804,predicted,250.80583007465341,10582.752,38.15704873375526,1610.036671320804,covered,6f794a87563d8042a3268ef279bdec326cd23f21,Marathon,
5810931707b875512d9a385b,bqr_runner_001,bqr_runner_001__2022-11-06__marathon__01,distance_profile_regression_v1,1.0,walk_forward_pre_race_v1,2026-08-03T00:00:00+00:00,2022-11-06T06:30:26.593000,"[""bqr_runner_001__2019-11-03__marathon__01"",""bqr_runner_001__2019-11-17__half__01"",""bqr_runner_001__2021-12-12__marathon__01"",""bqr_runner_001__2022-09-04__half__01""]",d685f13ecef1bed4c2f2fbc8398bf3e81d462ddec2a1d0ae6a3f97c0d9936655,d3-pre-race-features-1.0,306.7527576447253,12943.432608819185,predicted,250.80583007465341,10582.752,55.94692757007189,2360.6806088191843,covered,6f794a87563d8042a3268ef279bdec326cd23f21,Marathon,
3d963ee65a2347adcefceb6c,bqr_runner_001,bqr_runner_001__2022-11-06__marathon__01,recent_vs_peak_blend_v1,1.0,walk_forward_pre_race_v1,2026-08-03T00:00:00+00:00,2022-11-06T06:30:26.593000,"[""bqr_runner_001__2019-11-03__marathon__01"",""bqr_runner_001__2019-11-17__half__01"",""bqr_runner_001__2021-12-12__marathon__01"",""bqr_runner_001__2022-09-04__half__01""]",d685f13ecef1bed4c2f2fbc8398bf3e81d462ddec2a1d0ae6a3f97c0d9936655,d3-pre-race-features-1.0,282.14373757935147,11905.055007160736,predicted,250.80583007465341,10582.752,31.33790750469805,1322.3030071607354,covered,6f794a87563d8042a3268ef279bdec326cd23f21,Marathon,
5078ce5a920987f188b8d773,bqr_runner_001,bqr_runner_001__2022-11-06__marathon__01,race_specific_history_v1,1.0,walk_forward_pre_race_v1,2026-08-03T00:00:00+00:00,2022-11-06T06:30:26.593000,"[""bqr_runner_001__2019-11-03__marathon__01"",""bqr_runner_001__2019-11-17__half__01"",""bqr_runner_001__2021-12-12__marathon__01"",""bqr_runner_001__2022-09-04__half__01""]",d685f13ecef1bed4c2f2fbc8398bf3e81d462ddec2a1d0ae6a3f97c0d9936655,d3-pre-race-features-1.0,262.5910644056139,11080.02996259488,predicted,250.80583007465341,10582.752,11.785234330960492,497.2779625948788,covered,6f794a87563d8042a3268ef279bdec326cd23f21,Marathon,
9272a4c83e639a2bc6b03398,bqr_runner_001,bqr_runner_001__2022-11-06__marathon__01,baseline_distance_scaling_personalized_v1,1.0,walk_forward_pre_race_v1,2026-08-03T00:00:00+00:00,2022-11-06T06:30:26.593000,"[""bqr_runner_001__2019-11-03__marathon__01"",""bqr_runner_001__2019-11-17__half__01"",""bqr_runner_001__2021-12-12__marathon__01"",""bqr_runner_001__2022-09-04__half__01""]",d685f13ecef1bed4c2f2fbc8398bf3e81d462ddec2a1d0ae6a3f97c0d9936655,d3-pre-race-features-1.0,262.5910644056139,11080.02996259488,predicted,250.80583007465341,10582.752,11.785234330960492,497.2779625948788,covered,6f794a87563d8042a3268ef279bdec326cd23f21,Marathon,
046fb8b77f417effb9e21bde,bqr_runner_001,bqr_runner_001__2022-12-04__half__01,baseline_last_race_v1,1.0,walk_forward_pre_race_v1,2026-08-03T00:00:00+00:00,2022-12-04T07:00:25.048000,"[""bqr_runner_001__2019-11-17__half__01"",""bqr_runner_001__2022-09-04__half__01""]",d6ea1ea1c33acdc7faa26152b321b3f5c5b799a77ecb1ae5eb1de05003373d35,d3-pre-race-features-1.0,239.93966109728643,5062.127,predicted,239.8211162460007,5059.626,0.11854485128571923,2.5010000000002037,covered,6f794a87563d8042a3268ef279bdec326cd23f21,Half Marathon,
c663bebfcc6c686142513f01,bqr_runner_001,bqr_runner_001__2022-12-04__half__01,baseline_class_median_v1,1.0,walk_forward_pre_race_v1,2026-08-03T00:00:00+00:00,2022-12-04T07:00:25.048000,"[""bqr_runner_001__2019-11-17__half__01"",""bqr_runner_001__2022-09-04__half__01""]",d6ea1ea1c33acdc7faa26152b321b3f5c5b799a77ecb1ae5eb1de05003373d35,d3-pre-race-features-1.0,235.0190543903306,4958.3145,predicted,239.8211162460007,5059.626,-4.802061855670104,-101.3114999999998,covered,6f794a87563d8042a3268ef279bdec326cd23f21,Half Marathon,
2293cc2b33a13f23a8abdf91,bqr_runner_001,bqr_runner_001__2022-12-04__half__01,baseline_recent_pace_v1,1.0,walk_forward_pre_race_v1,2026-08-03T00:00:00+00:00,2022-12-04T07:00:25.048000,"[""bqr_runner_001__2019-11-03__marathon__01"",""bqr_runner_001__2019-11-17__half__01"",""bqr_runner_001__2021-12-12__marathon__01"",""bqr_runner_001__2022-09-04__half__01"",""bqr_runner_001__2022-11-06__marathon__01""]",d6ea1ea1c33acdc7faa26152b321b3f5c5b799a77ecb1ae5eb1de05003373d35,d3-pre-race-features-1.0,280.07526374388226,5908.887876836556,predicted,239.8211162460007,5059.626,40.25414749788155,849.2618768365555,covered,6f794a87563d8042a3268ef279bdec326cd23f21,Half Marathon,
0acfc8a4fbe04388a73a9df8,bqr_runner_001,bqr_runner_001__2022-12-04__half__01,baseline_distance_scaling_v1,1.0,walk_forward_pre_race_v1,2026-08-03T00:00:00+00:00,2022-12-04T07:00:25.048000,"[""bqr_runner_001__2022-11-06__marathon__01""]",d6ea1ea1c33acdc7faa26152b321b3f5c5b799a77ecb1ae5eb1de05003373d35,d3-pre-race-features-1.0,240.5890337082043,5075.82713865884,predicted,239.8211162460007,5059.626,0.7679174622035987,16.201138658840136,covered,6f794a87563d8042a3268ef279bdec326cd23f21,Half Marathon,
d5842c52e36804213bde04f5,bqr_runner_001,bqr_runner_001__2022-12-04__half__01,pace_hr_linear_v1,1.0,walk_forward_pre_race_v1,2026-08-03T00:00:00+00:00,2022-12-04T07:00:25.048000,"[""bqr_runner_001__2019-11-03__marathon__01"",""bqr_runner_001__2019-11-17__half__01"",""bqr_runner_001__2021-12-12__marathon__01"",""bqr_runner_001__2022-09-04__half__01"",""bqr_runner_001__2022-11-06__marathon__01""]",d6ea1ea1c33acdc7faa26152b321b3f5c5b799a77ecb1ae5eb1de05003373d35,d3-pre-race-features-1.0,290.259676693763,6123.753529046666,predicted,239.8211162460007,5059.626,50.43856044776231,1064.1275290466656,covered,6f794a87563d8042a3268ef279bdec326cd23f21,Half Marathon,
1080fdf20530b8576865550d,bqr_runner_001,bqr_runner_001__2022-12-04__half__01,efficiency_pace_hr_linear_v1,1.0,walk_forward_pre_race_v1,2026-08-03T00:00:00+00:00,2022-12-04T07:00:25.048000,"[""bqr_runner_001__2019-11-03__marathon__01"",""bqr_runner_001__2019-11-17__half__01"",""bqr_runner_001__2021-12-12__marathon__01"",""bqr_runner_001__2022-09-04__half__01"",""bqr_runner_001__2022-11-06__marathon__01""]",d6ea1ea1c33acdc7faa26152b321b3f5c5b799a77ecb1ae5eb1de05003373d35,d3-pre-race-features-1.0,280.6110854081171,5920.19237439775,predicted,239.8211162460007,5059.626,40.78996916211639,860.5663743977502,covered,6f794a87563d8042a3268ef279bdec326cd23f21,Half Marathon,
65221736341cae747d1eb9fe,bqr_runner_001,bqr_runner_001__2022-12-04__half__01,efficiency_speed_hr_linear_v2,1.0,walk_forward_pre_race_v1,2026-08-03T00:00:00+00:00,2022-12-04T07:00:25.048000,"[""bqr_runner_001__2019-11-03__marathon__01"",""bqr_runner_001__2019-11-17__half__01"",""bqr_runner_001__2021-12-12__marathon__01"",""bqr_runner_001__2022-09-04__half__01"",""bqr_runner_001__2022-11-06__marathon__01""]",d6ea1ea1c33acdc7faa26152b321b3f5c5b799a77ecb1ae5eb1de05003373d35,d3-pre-race-features-1.0,287.8550293668604,6073.021482067337,predicted,239.8211162460007,5059.626,48.033913120859665,1013.3954820673371,covered,6f794a87563d8042a3268ef279bdec326cd23f21,Half Marathon,
7ec634f623a9d8d9c5b64545,bqr_runner_001,bqr_runner_001__2022-12-04__half__01,distance_profile_regression_v1,1.0,walk_forward_pre_race_v1,2026-08-03T00:00:00+00:00,2022-12-04T07:00:25.048000,"[""bqr_runner_001__2019-11-03__marathon__01"",""bqr_runner_001__2019-11-17__half__01"",""bqr_runner_001__2021-12-12__marathon__01"",""bqr_runner_001__2022-09-04__half__01"",""bqr_runner_001__2022-11-06__marathon__01""]",d6ea1ea1c33acdc7faa26152b321b3f5c5b799a77ecb1ae5eb1de05003373d35,d3-pre-race-features-1.0,302.61531057949145,6384.426514950821,predicted,239.8211162460007,5059.626,62.794194333490736,1324.8005149508208,covered,6f794a87563d8042a3268ef279bdec326cd23f21,Half Marathon,
888dea9ca4d32e375a2c9470,bqr_runner_001,bqr_runner_001__2022-12-04__half__01,recent_vs_peak_blend_v1,1.0,walk_forward_pre_race_v1,2026-08-03T00:00:00+00:00,2022-12-04T07:00:25.048000,"[""bqr_runner_001__2019-11-03__marathon__01"",""bqr_runner_001__2019-11-17__half__01"",""bqr_runner_001__2021-12-12__marathon__01"",""bqr_runner_001__2022-09-04__half__01"",""bqr_runner_001__2022-11-06__marathon__01""]",d6ea1ea1c33acdc7faa26152b321b3f5c5b799a77ecb1ae5eb1de05003373d35,d3-pre-race-features-1.0,285.67590113916197,6027.04732428347,predicted,239.8211162460007,5059.626,45.85478489316125,967.4213242834694,covered,6f794a87563d8042a3268ef279bdec326cd23f21,Half Marathon,
389dece5dff11b0169cb0a6f,bqr_runner_001,bqr_runner_001__2022-12-04__half__01,race_specific_history_v1,1.0,walk_forward_pre_race_v1,2026-08-03T00:00:00+00:00,2022-12-04T07:00:25.048000,"[""bqr_runner_001__2019-11-03__marathon__01"",""bqr_runner_001__2019-11-17__half__01"",""bqr_runner_001__2021-12-12__marathon__01"",""bqr_runner_001__2022-09-04__half__01"",""bqr_runner_001__2022-11-06__marathon__01""]",d6ea1ea1c33acdc7faa26152b321b3f5c5b799a77ecb1ae5eb1de05003373d35,d3-pre-race-features-1.0,234.96753723899968,4957.227616899796,predicted,239.8211162460007,5059.626,-4.853579007001031,-102.39838310020423,covered,6f794a87563d8042a3268ef279bdec326cd23f21,Half Marathon,
438839facb42593e4ac91436,bqr_runner_001,bqr_runner_001__2022-12-04__half__01,baseline_distance_scaling_personalized_v1,1.0,walk_forward_pre_race_v1,2026-08-03T00:00:00+00:00,2022-12-04T07:00:25.048000,"[""bqr_runner_001__2019-11-03__marathon__01"",""bqr_runner_001__2019-11-17__half__01"",""bqr_runner_001__2021-12-12__marathon__01"",""bqr_runner_001__2022-09-04__half__01"",""bqr_runner_001__2022-11-06__marathon__01""]",d6ea1ea1c33acdc7faa26152b321b3f5c5b799a77ecb1ae5eb1de05003373d35,d3-pre-race-features-1.0,234.96753723899968,4957.227616899796,predicted,239.8211162460007,5059.626,-4.853579007001031,-102.39838310020423,covered,6f794a87563d8042a3268ef279bdec326cd23f21,Half Marathon,
1fa8e7b970bc40be47a1a73d,bqr_runner_001,bqr_runner_001__2023-02-26__half__01,baseline_last_race_v1,1.0,walk_forward_pre_race_v1,2026-08-03T00:00:00+00:00,2023-02-26T06:30:02.541000,"[""bqr_runner_001__2019-11-17__half__01"",""bqr_runner_001__2022-09-04__half__01"",""bqr_runner_001__2022-12-04__half__01""]",a74938e38273c5383c436d753285b734f4ad62431fc36f98f8a14befd1b9290e,d3-pre-race-features-1.0,239.8211162460007,5059.626,predicted,234.37028083896197,4944.627,5.450835407038738,114.9989999999998,covered,6f794a87563d8042a3268ef279bdec326cd23f21,Half Marathon,
36118375425cbcb2a5242387,bqr_runner_001,bqr_runner_001__2023-02-26__half__01,baseline_class_median_v1,1.0,walk_forward_pre_race_v1,2026-08-03T00:00:00+00:00,2023-02-26T06:30:02.541000,"[""bqr_runner_001__2019-11-17__half__01"",""bqr_runner_001__2022-09-04__half__01"",""bqr_runner_001__2022-12-04__half__01""]",a74938e38273c5383c436d753285b734f4ad62431fc36f98f8a14befd1b9290e,d3-pre-race-features-1.0,239.8211162460007,5059.626,predicted,234.37028083896197,4944.627,5.450835407038738,114.9989999999998,covered,6f794a87563d8042a3268ef279bdec326cd23f21,Half Marathon,
52d3f89ca945a2f50d873936,bqr_runner_001,bqr_runner_001__2023-02-26__half__01,baseline_recent_pace_v1,1.0,walk_forward_pre_race_v1,2026-08-03T00:00:00+00:00,2023-02-26T06:30:02.541000,"[""bqr_runner_001__2019-11-03__marathon__01"",""bqr_runner_001__2019-11-17__half__01"",""bqr_runner_001__2021-12-12__marathon__01"",""bqr_runner_001__2022-09-04__half__01"",""bqr_runner_001__2022-11-06__marathon__01"",""bqr_runner_001__2022-12-04__half__01""]",a74938e38273c5383c436d753285b734f4ad62431fc36f98f8a14befd1b9290e,d3-pre-race-features-1.0,217.1048567398015,4580.369715067963,predicted,234.37028083896197,4944.627,-17.26542409916047,-364.2572849320377,covered,6f794a87563d8042a3268ef279bdec326cd23f21,Half Marathon,
15183a2e0cc677418eb23484,bqr_runner_001,bqr_runner_001__2023-02-26__half__01,baseline_distance_scaling_v1,1.0,walk_forward_pre_race_v1,2026-08-03T00:00:00+00:00,2023-02-26T06:30:02.541000,"[""bqr_runner_001__2022-12-04__half__01""]",a74938e38273c5383c436d753285b734f4ad62431fc36f98f8a14befd1b9290e,d3-pre-race-features-1.0,239.8211162460007,5059.626,predicted,234.37028083896197,4944.627,5.450835407038738,114.9989999999998,covered,6f794a87563d8042a3268ef279bdec326cd23f21,Half Marathon,
af90f67296d74a1650672405,bqr_runner_001,bqr_runner_001__2023-02-26__half__01,pace_hr_linear_v1,1.0,walk_forward_pre_race_v1,2026-08-03T00:00:00+00:00,2023-02-26T06:30:02.541000,"[""bqr_runner_001__2019-11-03__marathon__01"",""bqr_runner_001__2019-11-17__half__01"",""bqr_runner_001__2021-12-12__marathon__01"",""bqr_runner_001__2022-09-04__half__01"",""bqr_runner_001__2022-11-06__marathon__01"",""bqr_runner_001__2022-12-04__half__01""]",a74938e38273c5383c436d753285b734f4ad62431fc36f98f8a14befd1b9290e,d3-pre-race-features-1.0,279.6403629296285,5899.712556907837,predicted,234.37028083896197,4944.627,45.270082090666534,955.0855569078367,covered,6f794a87563d8042a3268ef279bdec326cd23f21,Half Marathon,
f728c1fb904077376a22d9b6,bqr_runner_001,bqr_runner_001__2023-02-26__half__01,efficiency_pace_hr_linear_v1,1.0,walk_forward_pre_race_v1,2026-08-03T00:00:00+00:00,2023-02-26T06:30:02.541000,"[""bqr_runner_001__2019-11-03__marathon__01"",""bqr_runner_001__2019-11-17__half__01"",""bqr_runner_001__2021-12-12__marathon__01"",""bqr_runner_001__2022-09-04__half__01"",""bqr_runner_001__2022-11-06__marathon__01"",""bqr_runner_001__2022-12-04__half__01""]",a74938e38273c5383c436d753285b734f4ad62431fc36f98f8a14befd1b9290e,d3-pre-race-features-1.0,245.1616434006021,5172.297771644203,predicted,234.37028083896197,4944.627,10.791362561640113,227.67077164420243,covered,6f794a87563d8042a3268ef279bdec326cd23f21,Half Marathon,
bcd5c084af42f130fcb65814,bqr_runner_001,bqr_runner_001__2023-02-26__half__01,efficiency_speed_hr_linear_v2,1.0,walk_forward_pre_race_v1,2026-08-03T00:00:00+00:00,2023-02-26T06:30:02.541000,"[""bqr_runner_001__2019-11-03__marathon__01"",""bqr_runner_001__2019-11-17__half__01"",""bqr_runner_001__2021-12-12__marathon__01"",""bqr_runner_001__2022-09-04__half__01"",""bqr_runner_001__2022-11-06__marathon__01"",""bqr_runner_001__2022-12-04__half__01""]",a74938e38273c5383c436d753285b734f4ad62431fc36f98f8a14befd1b9290e,d3-pre-race-features-1.0,193.60050048785604,4084.486559042543,predicted,234.37028083896197,4944.627,-40.769780351105936,-860.1404409574575,covered,6f794a87563d8042a3268ef279bdec326cd23f21,Half Marathon,
8a3e15fcc4e6c25503c6b279,bqr_runner_001,bqr_runner_001__2023-02-26__half__01,distance_profile_regression_v1,1.0,walk_forward_pre_race_v1,2026-08-03T00:00:00+00:00,2023-02-26T06:30:02.541000,"[""bqr_runner_001__2019-11-03__marathon__01"",""bqr_runner_001__2019-11-17__half__01"",""bqr_runner_001__2021-12-12__marathon__01"",""bqr_runner_001__2022-09-04__half__01"",""bqr_runner_001__2022-11-06__marathon__01"",""bqr_runner_001__2022-12-04__half__01""]",a74938e38273c5383c436d753285b734f4ad62431fc36f98f8a14befd1b9290e,d3-pre-race-features-1.0,303.1583576156286,6395.883449795724,predicted,234.37028083896197,4944.627,68.7880767766666,1451.2564497957237,covered,6f794a87563d8042a3268ef279bdec326cd23f21,Half Marathon,
81baefed11974e0d0e19bead,bqr_runner_001,bqr_runner_001__2023-02-26__half__01,recent_vs_peak_blend_v1,1.0,walk_forward_pre_race_v1,2026-08-03T00:00:00+00:00,2023-02-26T06:30:02.541000,"[""bqr_runner_001__2019-11-03__marathon__01"",""bqr_runner_001__2019-11-17__half__01"",""bqr_runner_001__2021-12-12__marathon__01"",""bqr_runner_001__2022-09-04__half__01"",""bqr_runner_001__2022-11-06__marathon__01"",""bqr_runner_001__2022-12-04__half__01""]",a74938e38273c5383c436d753285b734f4ad62431fc36f98f8a14befd1b9290e,d3-pre-race-features-1.0,267.08457901529215,5634.8169057751265,predicted,234.37028083896197,4944.627,32.714298176330175,690.1899057751261,covered,6f794a87563d8042a3268ef279bdec326cd23f21,Half Marathon,
5f77ce9c8332efb3df49e184,bqr_runner_001,bqr_runner_001__2023-02-26__half__01,race_specific_history_v1,1.0,walk_forward_pre_race_v1,2026-08-03T00:00:00+00:00,2023-02-26T06:30:02.541000,"[""bqr_runner_001__2019-11-03__marathon__01"",""bqr_runner_001__2019-11-17__half__01"",""bqr_runner_001__2021-12-12__marathon__01"",""bqr_runner_001__2022-09-04__half__01"",""bqr_runner_001__2022-11-06__marathon__01"",""bqr_runner_001__2022-12-04__half__01""]",a74938e38273c5383c436d753285b734f4ad62431fc36f98f8a14befd1b9290e,d3-pre-race-features-1.0,236.57438330186446,4991.128051711085,predicted,234.37028083896197,4944.627,2.2041024629024832,46.50105171108498,covered,6f794a87563d8042a3268ef279bdec326cd23f21,Half Marathon,
0acd29202bc7347d685c9ea0,bqr_runner_001,bqr_runner_001__2023-02-26__half__01,baseline_distance_scaling_personalized_v1,1.0,walk_forward_pre_race_v1,2026-08-03T00:00:00+00:00,2023-02-26T06:30:02.541000,"[""bqr_runner_001__2019-11-03__marathon__01"",""bqr_runner_001__2019-11-17__half__01"",""bqr_runner_001__2021-12-12__marathon__01"",""bqr_runner_001__2022-09-04__half__01"",""bqr_runner_001__2022-11-06__marathon__01"",""bqr_runner_001__2022-12-04__half__01""]",a74938e38273c5383c436d753285b734f4ad62431fc36f98f8a14befd1b9290e,d3-pre-race-features-1.0,236.57438330186446,4991.128051711085,predicted,234.37028083896197,4944.627,2.2041024629024832,46.50105171108498,covered,6f794a87563d8042a3268ef279bdec326cd23f21,Half Marathon,
f783fc78426b44015b9e9baa,bqr_runner_001,bqr_runner_001__2023-03-26__half__01,baseline_last_race_v1,1.0,walk_forward_pre_race_v1,2026-08-03T00:00:00+00:00,2023-03-26T07:00:44.056000,"[""bqr_runner_001__2019-11-17__half__01"",""bqr_runner_001__2022-09-04__half__01"",""bqr_runner_001__2022-12-04__half__01"",""bqr_runner_001__2023-02-26__half__01""]",502624604b4b49d0c0818e050fdac037ec86b6cea1f12970e60c66789a48d9c9,d3-pre-race-features-1.0,234.37028083896197,4944.627,predicted,236.9594975708022,4999.253,-2.5892167318402244,-54.625999999999294,covered,6f794a87563d8042a3268ef279bdec326cd23f21,Half Marathon,
943652a6f81981faac68ee34,bqr_runner_001,bqr_runner_001__2023-03-26__half__01,baseline_class_median_v1,1.0,walk_forward_pre_race_v1,2026-08-03T00:00:00+00:00,2023-03-26T07:00:44.056000,"[""bqr_runner_001__2019-11-17__half__01"",""bqr_runner_001__2022-09-04__half__01"",""bqr_runner_001__2022-12-04__half__01"",""bqr_runner_001__2023-02-26__half__01""]",502624604b4b49d0c0818e050fdac037ec86b6cea1f12970e60c66789a48d9c9,d3-pre-race-features-1.0,237.09569854248133,5002.1265,predicted,236.9594975708022,4999.253,0.1362009716791306,2.873500000000604,covered,6f794a87563d8042a3268ef279bdec326cd23f21,Half Marathon,
abe4284f56ca6bbc7017415b,bqr_runner_001,bqr_runner_001__2023-03-26__half__01,baseline_recent_pace_v1,1.0,walk_forward_pre_race_v1,2026-08-03T00:00:00+00:00,2023-03-26T07:00:44.056000,"[""bqr_runner_001__2019-11-03__marathon__01"",""bqr_runner_001__2019-11-17__half__01"",""bqr_runner_001__2021-12-12__marathon__01"",""bqr_runner_001__2022-09-04__half__01"",""bqr_runner_001__2022-11-06__marathon__01"",""bqr_runner_001__2022-12-04__half__01"",""bqr_runner_001__2023-02-26__half__01""]",502624604b4b49d0c0818e050fdac037ec86b6cea1f12970e60c66789a48d9c9,d3-pre-race-features-1.0,207.72752995933854,4382.531563317145,predicted,236.9594975708022,4999.253,-29.23196761146366,-616.7214366828548,covered,6f794a87563d8042a3268ef279bdec326cd23f21,Half Marathon,
446d8cf7e2c7cfd413f2f580,bqr_runner_001,bqr_runner_001__2023-03-26__half__01,baseline_distance_scaling_v1,1.0,walk_forward_pre_race_v1,2026-08-03T00:00:00+00:00,2023-03-26T07:00:44.056000,"[""bqr_runner_001__2023-02-26__half__01""]",502624604b4b49d0c0818e050fdac037ec86b6cea1f12970e60c66789a48d9c9,d3-pre-race-features-1.0,234.37028083896197,4944.627,predicted,236.9594975708022,4999.253,-2.5892167318402244,-54.625999999999294,covered,6f794a87563d8042a3268ef279bdec326cd23f21,Half Marathon,
0a289db4cb76707f1c8f719f,bqr_runner_001,bqr_runner_001__2023-03-26__half__01,pace_hr_linear_v1,1.0,walk_forward_pre_race_v1,2026-08-03T00:00:00+00:00,2023-03-26T07:00:44.056000,"[""bqr_runner_001__2019-11-03__marathon__01"",""bqr_runner_001__2019-11-17__half__01"",""bqr_runner_001__2021-12-12__marathon__01"",""bqr_runner_001__2022-09-04__half__01"",""bqr_runner_001__2022-11-06__marathon__01"",""bqr_runner_001__2022-12-04__half__01"",""bqr_runner_001__2023-02-26__half__01""]",502624604b4b49d0c0818e050fdac037ec86b6cea1f12970e60c66789a48d9c9,d3-pre-race-features-1.0,283.7356767640333,5986.113440529193,predicted,236.9594975708022,4999.253,46.776179193231116,986.8604405291935,covered,6f794a87563d8042a3268ef279bdec326cd23f21,Half Marathon,
a2edc9d3cdc7c4a329d24edc,bqr_runner_001,bqr_runner_001__2023-03-26__half__01,efficiency_pace_hr_linear_v1,1.0,walk_forward_pre_race_v1,2026-08-03T00:00:00+00:00,2023-03-26T07:00:44.056000,"[""bqr_runner_001__2019-11-03__marathon__01"",""bqr_runner_001__2019-11-17__half__01"",""bqr_runner_001__2021-12-12__marathon__01"",""bqr_runner_001__2022-09-04__half__01"",""bqr_runner_001__2022-11-06__marathon__01"",""bqr_runner_001__2022-12-04__half__01"",""bqr_runner_001__2023-02-26__half__01""]",502624604b4b49d0c0818e050fdac037ec86b6cea1f12970e60c66789a48d9c9,d3-pre-race-features-1.0,239.41770075792545,5051.114941740332,predicted,236.9594975708022,4999.253,2.458203187123246,51.86194174033244,covered,6f794a87563d8042a3268ef279bdec326cd23f21,Half Marathon,
043dae63e549cc2c9afa2ce1,bqr_runner_001,bqr_runner_001__2023-03-26__half__01,efficiency_speed_hr_linear_v2,1.0,walk_forward_pre_race_v1,2026-08-03T00:00:00+00:00,2023-03-26T07:00:44.056000,"[""bqr_runner_001__2019-11-03__marathon__01"",""bqr_runner_001__2019-11-17__half__01"",""bqr_runner_001__2021-12-12__marathon__01"",""bqr_runner_001__2022-09-04__half__01"",""bqr_runner_001__2022-11-06__marathon__01"",""bqr_runner_001__2022-12-04__half__01"",""bqr_runner_001__2023-02-26__half__01""]",502624604b4b49d0c0818e050fdac037ec86b6cea1f12970e60c66789a48d9c9,d3-pre-race-features-1.0,190.11207987141597,4010.8896050871986,predicted,236.9594975708022,4999.253,-46.84741769938623,-988.3633949128011,covered,6f794a87563d8042a3268ef279bdec326cd23f21,Half Marathon,
cc96665b28f69bb76549ec23,bqr_runner_001,bqr_runner_001__2023-03-26__half__01,distance_profile_regression_v1,1.0,walk_forward_pre_race_v1,2026-08-03T00:00:00+00:00,2023-03-26T07:00:44.056000,"[""bqr_runner_001__2019-11-03__marathon__01"",""bqr_runner_001__2019-11-17__half__01"",""bqr_runner_001__2021-12-12__marathon__01"",""bqr_runner_001__2022-09-04__half__01"",""bqr_runner_001__2022-11-06__marathon__01"",""bqr_runner_001__2022-12-04__half__01"",""bqr_runner_001__2023-02-26__half__01""]",502624604b4b49d0c0818e050fdac037ec86b6cea1f12970e60c66789a48d9c9,d3-pre-race-features-1.0,303.4986081375983,6403.06188518298,predicted,236.9594975708022,4999.253,66.5391105667961,1403.8088851829807,covered,6f794a87563d8042a3268ef279bdec326cd23f21,Half Marathon,
d787576b645d8d15579c6729,bqr_runner_001,bqr_runner_001__2023-03-26__half__01,recent_vs_peak_blend_v1,1.0,walk_forward_pre_race_v1,2026-08-03T00:00:00+00:00,2023-03-26T07:00:44.056000,"[""bqr_runner_001__2019-11-03__marathon__01"",""bqr_runner_001__2019-11-17__half__01"",""bqr_runner_001__2021-12-12__marathon__01"",""bqr_runner_001__2022-09-04__half__01"",""bqr_runner_001__2022-11-06__marathon__01"",""bqr_runner_001__2022-12-04__half__01"",""bqr_runner_001__2023-02-26__half__01""]",502624604b4b49d0c0818e050fdac037ec86b6cea1f12970e60c66789a48d9c9,d3-pre-race-features-1.0,262.8583593369084,5545.654236110425,predicted,236.9594975708022,4999.253,25.898861766106194,546.4012361104251,covered,6f794a87563d8042a3268ef279bdec326cd23f21,Half Marathon,
3af89461bff1ab0faa564508,bqr_runner_001,bqr_runner_001__2023-03-26__half__01,race_specific_history_v1,1.0,walk_forward_pre_race_v1,2026-08-03T00:00:00+00:00,2023-03-26T07:00:44.056000,"[""bqr_runner_001__2019-11-03__marathon__01"",""bqr_runner_001__2019-11-17__half__01"",""bqr_runner_001__2021-12-12__marathon__01"",""bqr_runner_001__2022-09-04__half__01"",""bqr_runner_001__2022-11-06__marathon__01"",""bqr_runner_001__2022-12-04__half__01"",""bqr_runner_001__2023-02-26__half__01""]",502624604b4b49d0c0818e050fdac037ec86b6cea1f12970e60c66789a48d9c9,d3-pre-race-features-1.0,236.02142199456372,4979.461950530308,predicted,236.9594975708022,4999.253,-0.9380755762384752,-19.791049469691643,covered,6f794a87563d8042a3268ef279bdec326cd23f21,Half Marathon,
7672375bb7b42d18e4fdd7e3,bqr_runner_001,bqr_runner_001__2023-03-26__half__01,baseline_distance_scaling_personalized_v1,1.0,walk_forward_pre_race_v1,2026-08-03T00:00:00+00:00,2023-03-26T07:00:44.056000,"[""bqr_runner_001__2019-11-03__marathon__01"",""bqr_runner_001__2019-11-17__half__01"",""bqr_runner_001__2021-12-12__marathon__01"",""bqr_runner_001__2022-09-04__half__01"",""bqr_runner_001__2022-11-06__marathon__01"",""bqr_runner_001__2022-12-04__half__01"",""bqr_runner_001__2023-02-26__half__01""]",502624604b4b49d0c0818e050fdac037ec86b6cea1f12970e60c66789a48d9c9,d3-pre-race-features-1.0,236.02142199456372,4979.461950530308,predicted,236.9594975708022,4999.253,-0.9380755762384752,-19.791049469691643,covered,6f794a87563d8042a3268ef279bdec326cd23f21,Half Marathon,
d1a39485baf7b2ac8e571ca5,bqr_runner_001,bqr_runner_001__2023-09-03__half__01,baseline_last_race_v1,1.0,walk_forward_pre_race_v1,2026-08-03T00:00:00+00:00,2023-09-03T06:32:16.132000,"[""bqr_runner_001__2019-11-17__half__01"",""bqr_runner_001__2022-09-04__half__01"",""bqr_runner_001__2022-12-04__half__01"",""bqr_runner_001__2023-02-26__half__01"",""bqr_runner_001__2023-03-26__half__01""]",99db6169ff6e700164af628cc86a8aa0417c686cf68e68ab1c59f5d01bfcc2ab,d3-pre-race-features-1.0,236.9594975708022,4999.253,predicted,240.37805427183315,5071.376,-3.418556701030951,-72.1230000000005,covered,6f794a87563d8042a3268ef279bdec326cd23f21,Half Marathon,
dcfa64cc846c110d31c5bcf4,bqr_runner_001,bqr_runner_001__2023-09-03__half__01,baseline_class_median_v1,1.0,walk_forward_pre_race_v1,2026-08-03T00:00:00+00:00,2023-09-03T06:32:16.132000,"[""bqr_runner_001__2019-11-17__half__01"",""bqr_runner_001__2022-09-04__half__01"",""bqr_runner_001__2022-12-04__half__01"",""bqr_runner_001__2023-02-26__half__01"",""bqr_runner_001__2023-03-26__half__01""]",99db6169ff6e700164af628cc86a8aa0417c686cf68e68ab1c59f5d01bfcc2ab,d3-pre-race-features-1.0,236.9594975708022,4999.253,predicted,240.37805427183315,5071.376,-3.418556701030951,-72.1230000000005,covered,6f794a87563d8042a3268ef279bdec326cd23f21,Half Marathon,
cd3ba46b12165169e89543b4,bqr_runner_001,bqr_runner_001__2023-09-03__half__01,baseline_recent_pace_v1,1.0,walk_forward_pre_race_v1,2026-08-03T00:00:00+00:00,2023-09-03T06:32:16.132000,"[""bqr_runner_001__2019-11-03__marathon__01"",""bqr_runner_001__2019-11-17__half__01"",""bqr_runner_001__2021-12-12__marathon__01"",""bqr_runner_001__2022-09-04__half__01"",""bqr_runner_001__2022-11-06__marathon__01"",""bqr_runner_001__2022-12-04__half__01"",""bqr_runner_001__2023-02-26__half__01"",""bqr_runner_001__2023-03-26__half__01""]",99db6169ff6e700164af628cc86a8aa0417c686cf68e68ab1c59f5d01bfcc2ab,d3-pre-race-features-1.0,276.0921695749117,5824.854547606699,predicted,240.37805427183315,5071.376,35.71411530307853,753.4785476066991,covered,6f794a87563d8042a3268ef279bdec326cd23f21,Half Marathon,
173b85aaca8a8bbee169d665,bqr_runner_001,bqr_runner_001__2023-09-03__half__01,baseline_distance_scaling_v1,1.0,walk_forward_pre_race_v1,2026-08-03T00:00:00+00:00,2023-09-03T06:32:16.132000,"[""bqr_runner_001__2023-03-26__half__01""]",99db6169ff6e700164af628cc86a8aa0417c686cf68e68ab1c59f5d01bfcc2ab,d3-pre-race-features-1.0,236.9594975708022,4999.253,predicted,240.37805427183315,5071.376,-3.418556701030951,-72.1230000000005,covered,6f794a87563d8042a3268ef279bdec326cd23f21,Half Marathon,
40d99077b0fb0a6c2e8db73c,bqr_runner_001,bqr_runner_001__2023-09-03__half__01,pace_hr_linear_v1,1.0,walk_forward_pre_race_v1,2026-08-03T00:00:00+00:00,2023-09-03T06:32:16.132000,"[""bqr_runner_001__2019-11-03__marathon__01"",""bqr_runner_001__2019-11-17__half__01"",""bqr_runner_001__2021-12-12__marathon__01"",""bqr_runner_001__2022-09-04__half__01"",""bqr_runner_001__2022-11-06__marathon__01"",""bqr_runner_001__2022-12-04__half__01"",""bqr_runner_001__2023-02-26__half__01"",""bqr_runner_001__2023-03-26__half__01""]",99db6169ff6e700164af628cc86a8aa0417c686cf68e68ab1c59f5d01bfcc2ab,d3-pre-race-features-1.0,316.76782464291716,6683.009180403945,predicted,240.37805427183315,5071.376,76.38977037108401,1611.6331804039446,covered,6f794a87563d8042a3268ef279bdec326cd23f21,Half Marathon,
8f8ec73838443d0e49c4db94,bqr_runner_001,bqr_runner_001__2023-09-03__half__01,efficiency_pace_hr_linear_v1,1.0,walk_forward_pre_race_v1,2026-08-03T00:00:00+00:00,2023-09-03T06:32:16.132000,"[""bqr_runner_001__2019-11-03__marathon__01"",""bqr_runner_001__2019-11-17__half__01"",""bqr_runner_001__2021-12-12__marathon__01"",""bqr_runner_001__2022-09-04__half__01"",""bqr_runner_001__2022-11-06__marathon__01"",""bqr_runner_001__2022-12-04__half__01"",""bqr_runner_001__2023-02-26__half__01"",""bqr_runner_001__2023-03-26__half__01""]",99db6169ff6e700164af628cc86a8aa0417c686cf68e68ab1c59f5d01bfcc2ab,d3-pre-race-features-1.0,283.7626153432333,5986.681777203864,predicted,240.37805427183315,5071.376,43.38456107140013,915.3057772038637,covered,6f794a87563d8042a3268ef279bdec326cd23f21,Half Marathon,
4d767925758b4c7ea3ea3b64,bqr_runner_001,bqr_runner_001__2023-09-03__half__01,efficiency_speed_hr_linear_v2,1.0,walk_forward_pre_race_v1,2026-08-03T00:00:00+00:00,2023-09-03T06:32:16.132000,"[""bqr_runner_001__2019-11-03__marathon__01"",""bqr_runner_001__2019-11-17__half__01"",""bqr_runner_001__2021-12-12__marathon__01"",""bqr_runner_001__2022-09-04__half__01"",""bqr_runner_001__2022-11-06__marathon__01"",""bqr_runner_001__2022-12-04__half__01"",""bqr_runner_001__2023-02-26__half__01"",""bqr_runner_001__2023-03-26__half__01""]",99db6169ff6e700164af628cc86a8aa0417c686cf68e68ab1c59f5d01bfcc2ab,d3-pre-race-features-1.0,278.73821242311516,5880.6794365966725,predicted,240.37805427183315,5071.376,38.36015815128201,809.3034365966723,covered,6f794a87563d8042a3268ef279bdec326cd23f21,Half Marathon,
35b93c268c282105c09ffca5,bqr_runner_001,bqr_runner_001__2023-09-03__half__01,distance_profile_regression_v1,1.0,walk_forward_pre_race_v1,2026-08-03T00:00:00+00:00,2023-09-03T06:32:16.132000,"[""bqr_runner_001__2019-11-03__marathon__01"",""bqr_runner_001__2019-11-17__half__01"",""bqr_runner_001__2021-12-12__marathon__01"",""bqr_runner_001__2022-09-04__half__01"",""bqr_runner_001__2022-11-06__marathon__01"",""bqr_runner_001__2022-12-04__half__01"",""bqr_runner_001__2023-02-26__half__01"",""bqr_runner_001__2023-03-26__half__01""]",99db6169ff6e700164af628cc86a8aa0417c686cf68e68ab1c59f5d01bfcc2ab,d3-pre-race-features-1.0,309.6502910673242,6532.847015792872,predicted,240.37805427183315,5071.376,69.27223679549104,1461.471015792872,covered,6f794a87563d8042a3268ef279bdec326cd23f21,Half Marathon,
a80a9196acb1a0c38a9da109,bqr_runner_001,bqr_runner_001__2023-09-03__half__01,recent_vs_peak_blend_v1,1.0,walk_forward_pre_race_v1,2026-08-03T00:00:00+00:00,2023-09-03T06:32:16.132000,"[""bqr_runner_001__2019-11-03__marathon__01"",""bqr_runner_001__2019-11-17__half__01"",""bqr_runner_001__2021-12-12__marathon__01"",""bqr_runner_001__2022-09-04__half__01"",""bqr_runner_001__2022-11-06__marathon__01"",""bqr_runner_001__2022-12-04__half__01"",""bqr_runner_001__2023-02-26__half__01"",""bqr_runner_001__2023-03-26__half__01""]",99db6169ff6e700164af628cc86a8aa0417c686cf68e68ab1c59f5d01bfcc2ab,d3-pre-race-features-1.0,286.977564283042,6054.509162461479,predicted,240.37805427183315,5071.376,46.59951001120885,983.1331624614786,covered,6f794a87563d8042a3268ef279bdec326cd23f21,Half Marathon,
6fd64367e1564bd868c21c8f,bqr_runner_001,bqr_runner_001__2023-09-03__half__01,race_specific_history_v1,1.0,walk_forward_pre_race_v1,2026-08-03T00:00:00+00:00,2023-09-03T06:32:16.132000,"[""bqr_runner_001__2019-11-03__marathon__01"",""bqr_runner_001__2019-11-17__half__01"",""bqr_runner_001__2021-12-12__marathon__01"",""bqr_runner_001__2022-09-04__half__01"",""bqr_runner_001__2022-11-06__marathon__01"",""bqr_runner_001__2022-12-04__half__01"",""bqr_runner_001__2023-02-26__half__01"",""bqr_runner_001__2023-03-26__half__01""]",99db6169ff6e700164af628cc86a8aa0417c686cf68e68ab1c59f5d01bfcc2ab,d3-pre-race-features-1.0,236.20873954594472,4983.413882570569,predicted,240.37805427183315,5071.376,-4.169314725888427,-87.9621174294316,covered,6f794a87563d8042a3268ef279bdec326cd23f21,Half Marathon,
d9e114a59e0279d0a693a7a1,bqr_runner_001,bqr_runner_001__2023-09-03__half__01,baseline_distance_scaling_personalized_v1,1.0,walk_forward_pre_race_v1,2026-08-03T00:00:00+00:00,2023-09-03T06:32:16.132000,"[""bqr_runner_001__2019-11-03__marathon__01"",""bqr_runner_001__2019-11-17__half__01"",""bqr_runner_001__2021-12-12__marathon__01"",""bqr_runner_001__2022-09-04__half__01"",""bqr_runner_001__2022-11-06__marathon__01"",""bqr_runner_001__2022-12-04__half__01"",""bqr_runner_001__2023-02-26__half__01"",""bqr_runner_001__2023-03-26__half__01""]",99db6169ff6e700164af628cc86a8aa0417c686cf68e68ab1c59f5d01bfcc2ab,d3-pre-race-features-1.0,236.20873954594472,4983.413882570569,predicted,240.37805427183315,5071.376,-4.169314725888427,-87.9621174294316,covered,6f794a87563d8042a3268ef279bdec326cd23f21,Half Marathon,
af0e21b9c5a471689ae1222d,bqr_runner_001,bqr_runner_001__2023-11-05__marathon__01,baseline_last_race_v1,1.0,walk_forward_pre_race_v1,2026-08-03T00:00:00+00:00,2023-11-05T06:30:00.399000,"[""bqr_runner_001__2019-11-03__marathon__01"",""bqr_runner_001__2021-12-12__marathon__01"",""bqr_runner_001__2022-11-06__marathon__01""]",d18c8a138610aa82c7dc9e0acf7ace884be0faa2f85fac1492613f8a6d58afa4,d3-pre-race-features-1.0,250.80583007465341,10582.752,predicted,264.6374451949283,11166.377,-13.831615120274904,-583.625,covered,6f794a87563d8042a3268ef279bdec326cd23f21,Marathon,
5b8eeebabeafb893c0217984,bqr_runner_001,bqr_runner_001__2023-11-05__marathon__01,baseline_class_median_v1,1.0,walk_forward_pre_race_v1,2026-08-03T00:00:00+00:00,2023-11-05T06:30:00.399000,"[""bqr_runner_001__2019-11-03__marathon__01"",""bqr_runner_001__2021-12-12__marathon__01"",""bqr_runner_001__2022-11-06__marathon__01""]",d18c8a138610aa82c7dc9e0acf7ace884be0faa2f85fac1492613f8a6d58afa4,d3-pre-race-features-1.0,259.48572105699725,10948.999999999998,predicted,264.6374451949283,11166.377,-5.151724137931069,-217.37700000000223,covered,6f794a87563d8042a3268ef279bdec326cd23f21,Marathon,
fc58c6eb544fc6aa99665e48,bqr_runner_001,bqr_runner_001__2023-11-05__marathon__01,baseline_recent_pace_v1,1.0,walk_forward_pre_race_v1,2026-08-03T00:00:00+00:00,2023-11-05T06:30:00.399000,"[""bqr_runner_001__2019-11-03__marathon__01"",""bqr_runner_001__2019-11-17__half__01"",""bqr_runner_001__2021-12-12__marathon__01"",""bqr_runner_001__2022-09-04__half__01"",""bqr_runner_001__2022-11-06__marathon__01"",""bqr_runner_001__2022-12-04__half__01"",""bqr_runner_001__2023-02-26__half__01"",""bqr_runner_001__2023-03-26__half__01"",""bqr_runner_001__2023-09-03__half__01""]",d18c8a138610aa82c7dc9e0acf7ace884be0faa2f85fac1492613f8a6d58afa4,d3-pre-race-features-1.0,284.7320183037592,12014.26751232712,predicted,264.6374451949283,11166.377,20.0945731088309,847.8905123271197,covered,6f794a87563d8042a3268ef279bdec326cd23f21,Marathon,
9247bc45d71f240aac703153,bqr_runner_001,bqr_runner_001__2023-11-05__marathon__01,baseline_distance_scaling_v1,1.0,walk_forward_pre_race_v1,2026-08-03T00:00:00+00:00,2023-11-05T06:30:00.399000,"[""bqr_runner_001__2023-09-03__half__01""]",d18c8a138610aa82c7dc9e0acf7ace884be0faa2f85fac1492613f8a6d58afa4,d3-pre-race-features-1.0,250.58589123599495,10573.471680702807,predicted,264.6374451949283,11166.377,-14.051553958933368,-592.9053192971933,covered,6f794a87563d8042a3268ef279bdec326cd23f21,Marathon,
1d6ff6d3d4dabc60b8be674e,bqr_runner_001,bqr_runner_001__2023-11-05__marathon__01,pace_hr_linear_v1,1.0,walk_forward_pre_race_v1,2026-08-03T00:00:00+00:00,2023-11-05T06:30:00.399000,"[""bqr_runner_001__2019-11-03__marathon__01"",""bqr_runner_001__2019-11-17__half__01"",""bqr_runner_001__2021-12-12__marathon__01"",""bqr_runner_001__2022-09-04__half__01"",""bqr_runner_001__2022-11-06__marathon__01"",""bqr_runner_001__2022-12-04__half__01"",""bqr_runner_001__2023-02-26__half__01"",""bqr_runner_001__2023-03-26__half__01"",""bqr_runner_001__2023-09-03__half__01""]",d18c8a138610aa82c7dc9e0acf7ace884be0faa2f85fac1492613f8a6d58afa4,d3-pre-race-features-1.0,301.75552496562796,12732.574375924672,predicted,264.6374451949283,11166.377,37.11807977069964,1566.197375924672,covered,6f794a87563d8042a3268ef279bdec326cd23f21,Marathon,
9c049802d2ac7bdae35d5a49,bqr_runner_001,bqr_runner_001__2023-11-05__marathon__01,efficiency_pace_hr_linear_v1,1.0,walk_forward_pre_race_v1,2026-08-03T00:00:00+00:00,2023-11-05T06:30:00.399000,"[""bqr_runner_001__2019-11-03__marathon__01"",""bqr_runner_001__2019-11-17__half__01"",""bqr_runner_001__2021-12-12__marathon__01"",""bqr_runner_001__2022-09-04__half__01"",""bqr_runner_001__2022-11-06__marathon__01"",""bqr_runner_001__2022-12-04__half__01"",""bqr_runner_001__2023-02-26__half__01"",""bqr_runner_001__2023-03-26__half__01"",""bqr_runner_001__2023-09-03__half__01""]",d18c8a138610aa82c7dc9e0acf7ace884be0faa2f85fac1492613f8a6d58afa4,d3-pre-race-features-1.0,283.77649204933385,11973.949082021642,predicted,264.6374451949283,11166.377,19.139046854405535,807.5720820216411,covered,6f794a87563d8042a3268ef279bdec326cd23f21,Marathon,
f46d0e5256d01bbf9cc672b1,bqr_runner_001,bqr_runner_001__2023-11-05__marathon__01,efficiency_speed_hr_linear_v2,1.0,walk_forward_pre_race_v1,2026-08-03T00:00:00+00:00,2023-11-05T06:30:00.399000,"[""bqr_runner_001__2019-11-03__marathon__01"",""bqr_runner_001__2019-11-17__half__01"",""bqr_runner_001__2021-12-12__marathon__01"",""bqr_runner_001__2022-09-04__half__01"",""bqr_runner_001__2022-11-06__marathon__01"",""bqr_runner_001__2022-12-04__half__01"",""bqr_runner_001__2023-02-26__half__01"",""bqr_runner_001__2023-03-26__half__01"",""bqr_runner_001__2023-09-03__half__01""]",d18c8a138610aa82c7dc9e0acf7ace884be0faa2f85fac1492613f8a6d58afa4,d3-pre-race-features-1.0,310.2734891961633,13091.989876632111,predicted,264.6374451949283,11166.377,45.63604400123501,1925.6128766321108,covered,6f794a87563d8042a3268ef279bdec326cd23f21,Marathon,
23bc6ecf9d221552ad81d86f,bqr_runner_001,bqr_runner_001__2023-11-05__marathon__01,distance_profile_regression_v1,1.0,walk_forward_pre_race_v1,2026-08-03T00:00:00+00:00,2023-11-05T06:30:00.399000,"[""bqr_runner_001__2019-11-03__marathon__01"",""bqr_runner_001__2019-11-17__half__01"",""bqr_runner_001__2021-12-12__marathon__01"",""bqr_runner_001__2022-09-04__half__01"",""bqr_runner_001__2022-11-06__marathon__01"",""bqr_runner_001__2022-12-04__half__01"",""bqr_runner_001__2023-02-26__half__01"",""bqr_runner_001__2023-03-26__half__01"",""bqr_runner_001__2023-09-03__half__01""]",d18c8a138610aa82c7dc9e0acf7ace884be0faa2f85fac1492613f8a6d58afa4,d3-pre-race-features-1.0,316.96588277819683,13374.375423826015,predicted,264.6374451949283,11166.377,52.32843758326851,2207.998423826015,covered,6f794a87563d8042a3268ef279bdec326cd23f21,Marathon,
4e3e5a34ccdd89e5e8c456a1,bqr_runner_001,bqr_runner_001__2023-11-05__marathon__01,recent_vs_peak_blend_v1,1.0,walk_forward_pre_race_v1,2026-08-03T00:00:00+00:00,2023-11-05T06:30:00.399000,"[""bqr_runner_001__2019-11-03__marathon__01"",""bqr_runner_001__2019-11-17__half__01"",""bqr_runner_001__2021-12-12__marathon__01"",""bqr_runner_001__2022-09-04__half__01"",""bqr_runner_001__2022-11-06__marathon__01"",""bqr_runner_001__2022-12-04__half__01"",""bqr_runner_001__2023-02-26__half__01"",""bqr_runner_001__2023-03-26__half__01"",""bqr_runner_001__2023-09-03__half__01""]",d18c8a138610aa82c7dc9e0acf7ace884be0faa2f85fac1492613f8a6d58afa4,d3-pre-race-features-1.0,291.9126446186116,12317.254039682315,predicted,264.6374451949283,11166.377,27.27519942368326,1150.8770396823147,covered,6f794a87563d8042a3268ef279bdec326cd23f21,Marathon,
0ef3c01825c362723fce1e97,bqr_runner_001,bqr_runner_001__2023-11-05__marathon__01,race_specific_history_v1,1.0,walk_forward_pre_race_v1,2026-08-03T00:00:00+00:00,2023-11-05T06:30:00.399000,"[""bqr_runner_001__2019-11-03__marathon__01"",""bqr_runner_001__2019-11-17__half__01"",""bqr_runner_001__2021-12-12__marathon__01"",""bqr_runner_001__2022-09-04__half__01"",""bqr_runner_001__2022-11-06__marathon__01"",""bqr_runner_001__2022-12-04__half__01"",""bqr_runner_001__2023-02-26__half__01"",""bqr_runner_001__2023-03-26__half__01"",""bqr_runner_001__2023-09-03__half__01""]",d18c8a138610aa82c7dc9e0acf7ace884be0faa2f85fac1492613f8a6d58afa4,d3-pre-race-features-1.0,258.6023725083971,10911.727107991816,predicted,264.6374451949283,11166.377,-6.035072686531237,-254.6498920081849,covered,6f794a87563d8042a3268ef279bdec326cd23f21,Marathon,
4fe49152d632fc8f952eebbc,bqr_runner_001,bqr_runner_001__2023-11-05__marathon__01,baseline_distance_scaling_personalized_v1,1.0,walk_forward_pre_race_v1,2026-08-03T00:00:00+00:00,2023-11-05T06:30:00.399000,"[""bqr_runner_001__2019-11-03__marathon__01"",""bqr_runner_001__2019-11-17__half__01"",""bqr_runner_001__2021-12-12__marathon__01"",""bqr_runner_001__2022-09-04__half__01"",""bqr_runner_001__2022-11-06__marathon__01"",""bqr_runner_001__2022-12-04__half__01"",""bqr_runner_001__2023-02-26__half__01"",""bqr_runner_001__2023-03-26__half__01"",""bqr_runner_001__2023-09-03__half__01""]",d18c8a138610aa82c7dc9e0acf7ace884be0faa2f85fac1492613f8a6d58afa4,d3-pre-race-features-1.0,258.6023725083971,10911.727107991816,predicted,264.6374451949283,11166.377,-6.035072686531237,-254.6498920081849,covered,6f794a87563d8042a3268ef279bdec326cd23f21,Marathon,
46112e364364a3b4a3b58467,bqr_runner_001,bqr_runner_001__2023-12-03__half__01,baseline_last_race_v1,1.0,walk_forward_pre_race_v1,2026-08-03T00:00:00+00:00,2023-12-03T06:30:06.659000,"[""bqr_runner_001__2019-11-17__half__01"",""bqr_runner_001__2022-09-04__half__01"",""bqr_runner_001__2022-12-04__half__01"",""bqr_runner_001__2023-02-26__half__01"",""bqr_runner_001__2023-03-26__half__01"",""bqr_runner_001__2023-09-03__half__01""]",b3e6923d4bde92ce8ce6b257d5dfba81e6ce092cfede7a5d9a6a0aa102712d1f,d3-pre-race-features-1.0,240.37805427183315,5071.376,predicted,245.31944543192324,5175.627,-4.941391160090092,-104.2510000000002,covered,6f794a87563d8042a3268ef279bdec326cd23f21,Half Marathon,
fdcc8872c91e1a192a9c7fc8,bqr_runner_001,bqr_runner_001__2023-12-03__half__01,baseline_class_median_v1,1.0,walk_forward_pre_race_v1,2026-08-03T00:00:00+00:00,2023-12-03T06:30:06.659000,"[""bqr_runner_001__2019-11-17__half__01"",""bqr_runner_001__2022-09-04__half__01"",""bqr_runner_001__2022-12-04__half__01"",""bqr_runner_001__2023-02-26__half__01"",""bqr_runner_001__2023-03-26__half__01"",""bqr_runner_001__2023-09-03__half__01""]",b3e6923d4bde92ce8ce6b257d5dfba81e6ce092cfede7a5d9a6a0aa102712d1f,d3-pre-race-features-1.0,238.39030690840144,5029.4394999999995,predicted,245.31944543192324,5175.627,-6.9291385235218,-146.1875000000009,covered,6f794a87563d8042a3268ef279bdec326cd23f21,Half Marathon,
5b9ea9e4138d36a7d1c3001d,bqr_runner_001,bqr_runner_001__2023-12-03__half__01,baseline_recent_pace_v1,1.0,walk_forward_pre_race_v1,2026-08-03T00:00:00+00:00,2023-12-03T06:30:06.659000,"[""bqr_runner_001__2019-11-03__marathon__01"",""bqr_runner_001__2019-11-17__half__01"",""bqr_runner_001__2021-12-12__marathon__01"",""bqr_runner_001__2022-09-04__half__01"",""bqr_runner_001__2022-11-06__marathon__01"",""bqr_runner_001__2022-12-04__half__01"",""bqr_runner_001__2023-02-26__half__01"",""bqr_runner_001__2023-03-26__half__01"",""bqr_runner_001__2023-09-03__half__01"",""bqr_runner_001__2023-11-05__marathon__01""]",b3e6923d4bde92ce8ce6b257d5dfba81e6ce092cfede7a5d9a6a0aa102712d1f,d3-pre-race-features-1.0,262.428442866924,5536.584073384929,predicted,245.31944543192324,5175.627,17.10899743500076,360.95707338492866,covered,6f794a87563d8042a3268ef279bdec326cd23f21,Half Marathon,
6afd54597f1d261a57481592,bqr_runner_001,bqr_runner_001__2023-12-03__half__01,baseline_distance_scaling_v1,1.0,walk_forward_pre_race_v1,2026-08-03T00:00:00+00:00,2023-12-03T06:30:06.659000,"[""bqr_runner_001__2023-11-05__marathon__01""]",b3e6923d4bde92ce8ce6b257d5dfba81e6ce092cfede7a5d9a6a0aa102712d1f,d3-pre-race-features-1.0,253.8572058054008,5355.752399479444,predicted,245.31944543192324,5175.627,8.537760373477568,180.12539947944333,covered,6f794a87563d8042a3268ef279bdec326cd23f21,Half Marathon,
02a3951ded9ab47562189955,bqr_runner_001,bqr_runner_001__2023-12-03__half__01,pace_hr_linear_v1,1.0,walk_forward_pre_race_v1,2026-08-03T00:00:00+00:00,2023-12-03T06:30:06.659000,"[""bqr_runner_001__2019-11-03__marathon__01"",""bqr_runner_001__2019-11-17__half__01"",""bqr_runner_001__2021-12-12__marathon__01"",""bqr_runner_001__2022-09-04__half__01"",""bqr_runner_001__2022-11-06__marathon__01"",""bqr_runner_001__2022-12-04__half__01"",""bqr_runner_001__2023-02-26__half__01"",""bqr_runner_001__2023-03-26__half__01"",""bqr_runner_001__2023-09-03__half__01"",""bqr_runner_001__2023-11-05__marathon__01""]",b3e6923d4bde92ce8ce6b257d5dfba81e6ce092cfede7a5d9a6a0aa102712d1f,d3-pre-race-features-1.0,280.80031295144533,5924.184602493118,predicted,245.31944543192324,5175.627,35.48086751952209,748.5576024931179,covered,6f794a87563d8042a3268ef279bdec326cd23f21,Half Marathon,
2d52022dceafca4822d83708,bqr_runner_001,bqr_runner_001__2023-12-03__half__01,efficiency_pace_hr_linear_v1,1.0,walk_forward_pre_race_v1,2026-08-03T00:00:00+00:00,2023-12-03T06:30:06.659000,"[""bqr_runner_001__2019-11-03__marathon__01"",""bqr_runner_001__2019-11-17__half__01"",""bqr_runner_001__2021-12-12__marathon__01"",""bqr_runner_001__2022-09-04__half__01"",""bqr_runner_001__2022-11-06__marathon__01"",""bqr_runner_001__2022-12-04__half__01"",""bqr_runner_001__2023-02-26__half__01"",""bqr_runner_001__2023-03-26__half__01"",""bqr_runner_001__2023-09-03__half__01"",""bqr_runner_001__2023-11-05__marathon__01""]",b3e6923d4bde92ce8ce6b257d5dfba81e6ce092cfede7a5d9a6a0aa102712d1f,d3-pre-race-features-1.0,268.63143499414764,5667.45169978903,predicted,245.31944543192324,5175.627,23.311989562224397,491.8246997890292,covered,6f794a87563d8042a3268ef279bdec326cd23f21,Half Marathon,
42b513b898777447611e1589,bqr_runner_001,bqr_runner_001__2023-12-03__half__01,efficiency_speed_hr_linear_v2,1.0,walk_forward_pre_race_v1,2026-08-03T00:00:00+00:00,2023-12-03T06:30:06.659000,"[""bqr_runner_001__2019-11-03__marathon__01"",""bqr_runner_001__2019-11-17__half__01"",""bqr_runner_001__2021-12-12__marathon__01"",""bqr_runner_001__2022-09-04__half__01"",""bqr_runner_001__2022-11-06__marathon__01"",""bqr_runner_001__2022-12-04__half__01"",""bqr_runner_001__2023-02-26__half__01"",""bqr_runner_001__2023-03-26__half__01"",""bqr_runner_001__2023-09-03__half__01"",""bqr_runner_001__2023-11-05__marathon__01""]",b3e6923d4bde92ce8ce6b257d5dfba81e6ce092cfede7a5d9a6a0aa102712d1f,d3-pre-race-features-1.0,277.5207485674255,5854.99399290126,predicted,245.31944543192324,5175.627,32.201303135502286,679.3669929012594,covered,6f794a87563d8042a3268ef279bdec326cd23f21,Half Marathon,
2aa9234c1307a905257dd0bd,bqr_runner_001,bqr_runner_001__2023-12-03__half__01,distance_profile_regression_v1,1.0,walk_forward_pre_race_v1,2026-08-03T00:00:00+00:00,2023-12-03T06:30:06.659000,"[""bqr_runner_001__2019-11-03__marathon__01"",""bqr_runner_001__2019-11-17__half__01"",""bqr_runner_001__2021-12-12__marathon__01"",""bqr_runner_001__2022-09-04__half__01"",""bqr_runner_001__2022-11-06__marathon__01"",""bqr_runner_001__2022-12-04__half__01"",""bqr_runner_001__2023-02-26__half__01"",""bqr_runner_001__2023-03-26__half__01"",""bqr_runner_001__2023-09-03__half__01"",""bqr_runner_001__2023-11-05__marathon__01""]",b3e6923d4bde92ce8ce6b257d5dfba81e6ce092cfede7a5d9a6a0aa102712d1f,d3-pre-race-features-1.0,309.53715658350285,6530.460161020452,predicted,245.31944543192324,5175.627,64.2177111515796,1354.8331610204514,covered,6f794a87563d8042a3268ef279bdec326cd23f21,Half Marathon,
1115ee98445e83a45a576ea2,bqr_runner_001,bqr_runner_001__2023-12-03__half__01,recent_vs_peak_blend_v1,1.0,walk_forward_pre_race_v1,2026-08-03T00:00:00+00:00,2023-12-03T06:30:06.659000,"[""bqr_runner_001__2019-11-03__marathon__01"",""bqr_runner_001__2019-11-17__half__01"",""bqr_runner_001__2021-12-12__marathon__01"",""bqr_runner_001__2022-09-04__half__01"",""bqr_runner_001__2022-11-06__marathon__01"",""bqr_runner_001__2022-12-04__half__01"",""bqr_runner_001__2023-02-26__half__01"",""bqr_runner_001__2023-03-26__half__01"",""bqr_runner_001__2023-09-03__half__01"",""bqr_runner_001__2023-11-05__marathon__01""]",b3e6923d4bde92ce8ce6b257d5dfba81e6ce092cfede7a5d9a6a0aa102712d1f,d3-pre-race-features-1.0,282.6720434956555,5963.6734376495915,predicted,245.31944543192324,5175.627,37.352598063732245,788.0464376495911,covered,6f794a87563d8042a3268ef279bdec326cd23f21,Half Marathon,
3926f2f91231005f6622cc8a,bqr_runner_001,bqr_runner_001__2023-12-03__half__01,race_specific_history_v1,1.0,walk_forward_pre_race_v1,2026-08-03T00:00:00+00:00,2023-12-03T06:30:06.659000,"[""bqr_runner_001__2019-11-03__marathon__01"",""bqr_runner_001__2019-11-17__half__01"",""bqr_runner_001__2021-12-12__marathon__01"",""bqr_runner_001__2022-09-04__half__01"",""bqr_runner_001__2022-11-06__marathon__01"",""bqr_runner_001__2022-12-04__half__01"",""bqr_runner_001__2023-02-26__half__01"",""bqr_runner_001__2023-03-26__half__01"",""bqr_runner_001__2023-09-03__half__01"",""bqr_runner_001__2023-11-05__marathon__01""]",b3e6923d4bde92ce8ce6b257d5dfba81e6ce092cfede7a5d9a6a0aa102712d1f,d3-pre-race-features-1.0,236.89856919157572,4997.967563519269,predicted,245.31944543192324,5175.627,-8.420876240347525,-177.65943648073153,covered,6f794a87563d8042a3268ef279bdec326cd23f21,Half Marathon,
da573638f0a0467407113290,bqr_runner_001,bqr_runner_001__2023-12-03__half__01,baseline_distance_scaling_personalized_v1,1.0,walk_forward_pre_race_v1,2026-08-03T00:00:00+00:00,2023-12-03T06:30:06.659000,"[""bqr_runner_001__2019-11-03__marathon__01"",""bqr_runner_001__2019-11-17__half__01"",""bqr_runner_001__2021-12-12__marathon__01"",""bqr_runner_001__2022-09-04__half__01"",""bqr_runner_001__2022-11-06__marathon__01"",""bqr_runner_001__2022-12-04__half__01"",""bqr_runner_001__2023-02-26__half__01"",""bqr_runner_001__2023-03-26__half__01"",""bqr_runner_001__2023-09-03__half__01"",""bqr_runner_001__2023-11-05__marathon__01""]",b3e6923d4bde92ce8ce6b257d5dfba81e6ce092cfede7a5d9a6a0aa102712d1f,d3-pre-race-features-1.0,236.89856919157572,4997.967563519269,predicted,245.31944543192324,5175.627,-8.420876240347525,-177.65943648073153,covered,6f794a87563d8042a3268ef279bdec326cd23f21,Half Marathon,
b773068daa33d02ebca61da6,bqr_runner_001,bqr_runner_001__2024-11-24__marathon__01,baseline_last_race_v1,1.0,walk_forward_pre_race_v1,2026-08-03T00:00:00+00:00,2024-11-24T06:30:05.533000,"[""bqr_runner_001__2019-11-03__marathon__01"",""bqr_runner_001__2021-12-12__marathon__01"",""bqr_runner_001__2022-11-06__marathon__01"",""bqr_runner_001__2023-11-05__marathon__01""]",f92598ce0f0515c2f3b7557f1b23fe5bfe6d0b94f99e85b707868213daa388dc,d3-pre-race-features-1.0,264.6374451949283,11166.377,predicted,263.96492475411776,11138.0,0.6725204408105583,28.377000000000407,covered,6f794a87563d8042a3268ef279bdec326cd23f21,Marathon,
1e3b0047e8953db16c7565d5,bqr_runner_001,bqr_runner_001__2024-11-24__marathon__01,baseline_class_median_v1,1.0,walk_forward_pre_race_v1,2026-08-03T00:00:00+00:00,2024-11-24T06:30:05.533000,"[""bqr_runner_001__2019-11-03__marathon__01"",""bqr_runner_001__2021-12-12__marathon__01"",""bqr_runner_001__2022-11-06__marathon__01"",""bqr_runner_001__2023-11-05__marathon__01""]",f92598ce0f0515c2f3b7557f1b23fe5bfe6d0b94f99e85b707868213daa388dc,d3-pre-race-features-1.0,262.0615831259628,11057.6885,predicted,263.96492475411776,11138.0,-1.9033416281549762,-80.3114999999998,covered,6f794a87563d8042a3268ef279bdec326cd23f21,Marathon,
93b6d6a1cf7906202f921c67,bqr_runner_001,bqr_runner_001__2024-11-24__marathon__01,baseline_recent_pace_v1,1.0,walk_forward_pre_race_v1,2026-08-03T00:00:00+00:00,2024-11-24T06:30:05.533000,"[""bqr_runner_001__2019-11-03__marathon__01"",""bqr_runner_001__2019-11-17__half__01"",""bqr_runner_001__2021-12-12__marathon__01"",""bqr_runner_001__2022-09-04__half__01"",""bqr_runner_001__2022-11-06__marathon__01"",""bqr_runner_001__2022-12-04__half__01"",""bqr_runner_001__2023-02-26__half__01"",""bqr_runner_001__2023-03-26__half__01"",""bqr_runner_001__2023-09-03__half__01"",""bqr_runner_001__2023-11-05__marathon__01"",""bqr_runner_001__2023-12-03__half__01""]",f92598ce0f0515c2f3b7557f1b23fe5bfe6d0b94f99e85b707868213daa388dc,d3-pre-race-features-1.0,277.771229154643,11720.55701418016,predicted,263.96492475411776,11138.0,13.806304400525221,582.55701418016,covered,6f794a87563d8042a3268ef279bdec326cd23f21,Marathon,
9580cc545be3cabd5e6485cd,bqr_runner_001,bqr_runner_001__2024-11-24__marathon__01,baseline_distance_scaling_v1,1.0,walk_forward_pre_race_v1,2026-08-03T00:00:00+00:00,2024-11-24T06:30:05.533000,"[""bqr_runner_001__2023-12-03__half__01""]",f92598ce0f0515c2f3b7557f1b23fe5bfe6d0b94f99e85b707868213daa388dc,d3-pre-race-features-1.0,255.73712233131184,10790.827876769703,predicted,263.96492475411776,11138.0,-8.227802422805922,-347.1721232302971,covered,6f794a87563d8042a3268ef279bdec326cd23f21,Marathon,
90fa6031bc8dddb4ca7e0e49,bqr_runner_001,bqr_runner_001__2024-11-24__marathon__01,pace_hr_linear_v1,1.0,walk_forward_pre_race_v1,2026-08-03T00:00:00+00:00,2024-11-24T06:30:05.533000,"[""bqr_runner_001__2019-11-03__marathon__01"",""bqr_runner_001__2019-11-17__half__01"",""bqr_runner_001__2021-12-12__marathon__01"",""bqr_runner_001__2022-09-04__half__01"",""bqr_runner_001__2022-11-06__marathon__01"",""bqr_runner_001__2022-12-04__half__01"",""bqr_runner_001__2023-02-26__half__01"",""bqr_runner_001__2023-03-26__half__01"",""bqr_runner_001__2023-09-03__half__01"",""bqr_runner_001__2023-11-05__marathon__01"",""bqr_runner_001__2023-12-03__half__01""]",f92598ce0f0515c2f3b7557f1b23fe5bfe6d0b94f99e85b707868213daa388dc,d3-pre-race-features-1.0,301.96653322983013,12741.477869632683,predicted,263.96492475411776,11138.0,38.00160847571237,1603.477869632683,covered,6f794a87563d8042a3268ef279bdec326cd23f21,Marathon,
4ae197dcc81c362ffff1210a,bqr_runner_001,bqr_runner_001__2024-11-24__marathon__01,efficiency_pace_hr_linear_v1,1.0,walk_forward_pre_race_v1,2026-08-03T00:00:00+00:00,2024-11-24T06:30:05.533000,"[""bqr_runner_001__2019-11-03__marathon__01"",""bqr_runner_001__2019-11-17__half__01"",""bqr_runner_001__2021-12-12__marathon__01"",""bqr_runner_001__2022-09-04__half__01"",""bqr_runner_001__2022-11-06__marathon__01"",""bqr_runner_001__2022-12-04__half__01"",""bqr_runner_001__2023-02-26__half__01"",""bqr_runner_001__2023-03-26__half__01"",""bqr_runner_001__2023-09-03__half__01"",""bqr_runner_001__2023-11-05__marathon__01"",""bqr_runner_001__2023-12-03__half__01""]",f92598ce0f0515c2f3b7557f1b23fe5bfe6d0b94f99e85b707868213daa388dc,d3-pre-race-features-1.0,279.3338557694682,11786.49204419271,predicted,263.96492475411776,11138.0,15.368931015350427,648.4920441927097,covered,6f794a87563d8042a3268ef279bdec326cd23f21,Marathon,
be1a58b51f0a2411a80ea2fd,bqr_runner_001,bqr_runner_001__2024-11-24__marathon__01,efficiency_speed_hr_linear_v2,1.0,walk_forward_pre_race_v1,2026-08-03T00:00:00+00:00,2024-11-24T06:30:05.533000,"[""bqr_runner_001__2019-11-03__marathon__01"",""bqr_runner_001__2019-11-17__half__01"",""bqr_runner_001__2021-12-12__marathon__01"",""bqr_runner_001__2022-09-04__half__01"",""bqr_runner_001__2022-11-06__marathon__01"",""bqr_runner_001__2022-12-04__half__01"",""bqr_runner_001__2023-02-26__half__01"",""bqr_runner_001__2023-03-26__half__01"",""bqr_runner_001__2023-09-03__half__01"",""bqr_runner_001__2023-11-05__marathon__01"",""bqr_runner_001__2023-12-03__half__01""]",f92598ce0f0515c2f3b7557f1b23fe5bfe6d0b94f99e85b707868213daa388dc,d3-pre-race-features-1.0,298.94127659123615,12613.827165767208,predicted,263.96492475411776,11138.0,34.976351837118386,1475.8271657672085,covered,6f794a87563d8042a3268ef279bdec326cd23f21,Marathon,
e997bd19c08d0832f5a381ba,bqr_runner_001,bqr_runner_001__2024-11-24__marathon__01,distance_profile_regression_v1,1.0,walk_forward_pre_race_v1,2026-08-03T00:00:00+00:00,2024-11-24T06:30:05.533000,"[""bqr_runner_001__2019-11-03__marathon__01"",""bqr_runner_001__2019-11-17__half__01"",""bqr_runner_001__2021-12-12__marathon__01"",""bqr_runner_001__2022-09-04__half__01"",""bqr_runner_001__2022-11-06__marathon__01"",""bqr_runner_001__2022-12-04__half__01"",""bqr_runner_001__2023-02-26__half__01"",""bqr_runner_001__2023-03-26__half__01"",""bqr_runner_001__2023-09-03__half__01"",""bqr_runner_001__2023-11-05__marathon__01"",""bqr_runner_001__2023-12-03__half__01""]",f92598ce0f0515c2f3b7557f1b23fe5bfe6d0b94f99e85b707868213daa388dc,d3-pre-race-features-1.0,319.3772901618419,13476.12475837892,predicted,263.96492475411776,11138.0,55.41236540772417,2338.124758378921,covered,6f794a87563d8042a3268ef279bdec326cd23f21,Marathon,
b481d2cd5278effc5e959f2d,bqr_runner_001,bqr_runner_001__2024-11-24__marathon__01,recent_vs_peak_blend_v1,1.0,walk_forward_pre_race_v1,2026-08-03T00:00:00+00:00,2024-11-24T06:30:05.533000,"[""bqr_runner_001__2019-11-03__marathon__01"",""bqr_runner_001__2019-11-17__half__01"",""bqr_runner_001__2021-12-12__marathon__01"",""bqr_runner_001__2022-09-04__half__01"",""bqr_runner_001__2022-11-06__marathon__01"",""bqr_runner_001__2022-12-04__half__01"",""bqr_runner_001__2023-02-26__half__01"",""bqr_runner_001__2023-03-26__half__01"",""bqr_runner_001__2023-09-03__half__01"",""bqr_runner_001__2023-11-05__marathon__01"",""bqr_runner_001__2023-12-03__half__01""]",f92598ce0f0515c2f3b7557f1b23fe5bfe6d0b94f99e85b707868213daa388dc,d3-pre-race-features-1.0,288.34722175634204,12166.811022008853,predicted,263.96492475411776,11138.0,24.382297002224277,1028.811022008853,covered,6f794a87563d8042a3268ef279bdec326cd23f21,Marathon,
3807c0229c03e93a8ff5c4af,bqr_runner_001,bqr_runner_001__2024-11-24__marathon__01,race_specific_history_v1,1.0,walk_forward_pre_race_v1,2026-08-03T00:00:00+00:00,2024-11-24T06:30:05.533000,"[""bqr_runner_001__2019-11-03__marathon__01"",""bqr_runner_001__2019-11-17__half__01"",""bqr_runner_001__2021-12-12__marathon__01"",""bqr_runner_001__2022-09-04__half__01"",""bqr_runner_001__2022-11-06__marathon__01"",""bqr_runner_001__2022-12-04__half__01"",""bqr_runner_001__2023-02-26__half__01"",""bqr_runner_001__2023-03-26__half__01"",""bqr_runner_001__2023-09-03__half__01"",""bqr_runner_001__2023-11-05__marathon__01"",""bqr_runner_001__2023-12-03__half__01""]",f92598ce0f0515c2f3b7557f1b23fe5bfe6d0b94f99e85b707868213daa388dc,d3-pre-race-features-1.0,260.0981136490189,10974.839905420353,predicted,263.96492475411776,11138.0,-3.8668111050988614,-163.1600945796472,covered,6f794a87563d8042a3268ef279bdec326cd23f21,Marathon,
a4b13a544935021e41131e1a,bqr_runner_001,bqr_runner_001__2024-11-24__marathon__01,baseline_distance_scaling_personalized_v1,1.0,walk_forward_pre_race_v1,2026-08-03T00:00:00+00:00,2024-11-24T06:30:05.533000,"[""bqr_runner_001__2019-11-03__marathon__01"",""bqr_runner_001__2019-11-17__half__01"",""bqr_runner_001__2021-12-12__marathon__01"",""bqr_runner_001__2022-09-04__half__01"",""bqr_runner_001__2022-11-06__marathon__01"",""bqr_runner_001__2022-12-04__half__01"",""bqr_runner_001__2023-02-26__half__01"",""bqr_runner_001__2023-03-26__half__01"",""bqr_runner_001__2023-09-03__half__01"",""bqr_runner_001__2023-11-05__marathon__01"",""bqr_runner_001__2023-12-03__half__01""]",f92598ce0f0515c2f3b7557f1b23fe5bfe6d0b94f99e85b707868213daa388dc,d3-pre-race-features-1.0,260.0981136490189,10974.839905420353,predicted,263.96492475411776,11138.0,-3.8668111050988614,-163.1600945796472,covered,6f794a87563d8042a3268ef279bdec326cd23f21,Marathon,
a6b80b9f5a8f3bcaea344993,bqr_runner_001,bqr_runner_001__2025-02-23__half__01,baseline_last_race_v1,1.0,walk_forward_pre_race_v1,2026-08-03T00:00:00+00:00,2025-02-23T06:30:09.017000,"[""bqr_runner_001__2019-11-17__half__01"",""bqr_runner_001__2022-09-04__half__01"",""bqr_runner_001__2022-12-04__half__01"",""bqr_runner_001__2023-02-26__half__01"",""bqr_runner_001__2023-03-26__half__01"",""bqr_runner_001__2023-09-03__half__01"",""bqr_runner_001__2023-12-03__half__01""]",720df17efc68989c11358f5c0c417e358eb4823cdc1126ff587bb5f705f2b2ce,d3-pre-race-features-1.0,245.31944543192324,5175.627,predicted,243.32276336058777,5133.502,1.9966820713354707,42.125,covered,6f794a87563d8042a3268ef279bdec326cd23f21,Half Marathon,
2057c43f88fd7a94fec469bd,bqr_runner_001,bqr_runner_001__2025-02-23__half__01,baseline_class_median_v1,1.0,walk_forward_pre_race_v1,2026-08-03T00:00:00+00:00,2025-02-23T06:30:09.017000,"[""bqr_runner_001__2019-11-17__half__01"",""bqr_runner_001__2022-09-04__half__01"",""bqr_runner_001__2022-12-04__half__01"",""bqr_runner_001__2023-02-26__half__01"",""bqr_runner_001__2023-03-26__half__01"",""bqr_runner_001__2023-09-03__half__01"",""bqr_runner_001__2023-12-03__half__01""]",720df17efc68989c11358f5c0c417e358eb4823cdc1126ff587bb5f705f2b2ce,d3-pre-race-features-1.0,239.8211162460007,5059.626,predicted,243.32276336058777,5133.502,-3.5016471145870582,-73.8760000000002,covered,6f794a87563d8042a3268ef279bdec326cd23f21,Half Marathon,
76b8b7c01c7fbd7de78ba041,bqr_runner_001,bqr_runner_001__2025-02-23__half__01,baseline_recent_pace_v1,1.0,walk_forward_pre_race_v1,2026-08-03T00:00:00+00:00,2025-02-23T06:30:09.017000,"[""bqr_runner_001__2019-11-03__marathon__01"",""bqr_runner_001__2019-11-17__half__01"",""bqr_runner_001__2021-12-12__marathon__01"",""bqr_runner_001__2022-09-04__half__01"",""bqr_runner_001__2022-11-06__marathon__01"",""bqr_runner_001__2022-12-04__half__01"",""bqr_runner_001__2023-02-26__half__01"",""bqr_runner_001__2023-03-26__half__01"",""bqr_runner_001__2023-09-03__half__01"",""bqr_runner_001__2023-11-05__marathon__01"",""bqr_runner_001__2023-12-03__half__01"",""bqr_runner_001__2024-11-24__marathon__01""]",720df17efc68989c11358f5c0c417e358eb4823cdc1126ff587bb5f705f2b2ce,d3-pre-race-features-1.0,283.9210862226245,5990.025116581821,predicted,243.32276336058777,5133.502,40.59832286203675,856.5231165818204,covered,6f794a87563d8042a3268ef279bdec326cd23f21,Half Marathon,
082356320e9bdc31f58b8b88,bqr_runner_001,bqr_runner_001__2025-02-23__half__01,baseline_distance_scaling_v1,1.0,walk_forward_pre_race_v1,2026-08-03T00:00:00+00:00,2025-02-23T06:30:09.017000,"[""bqr_runner_001__2024-11-24__marathon__01""]",720df17efc68989c11358f5c0c417e358eb4823cdc1126ff587bb5f705f2b2ce,d3-pre-race-features-1.0,253.2120810770185,5342.1418805223975,predicted,243.32276336058777,5133.502,9.889317716430725,208.6398805223971,covered,6f794a87563d8042a3268ef279bdec326cd23f21,Half Marathon,
2c4b3e7f31b0e8703e803cbf,bqr_runner_001,bqr_runner_001__2025-02-23__half__01,pace_hr_linear_v1,1.0,walk_forward_pre_race_v1,2026-08-03T00:00:00+00:00,2025-02-23T06:30:09.017000,"[""bqr_runner_001__2019-11-03__marathon__01"",""bqr_runner_001__2019-11-17__half__01"",""bqr_runner_001__2021-12-12__marathon__01"",""bqr_runner_001__2022-09-04__half__01"",""bqr_runner_001__2022-11-06__marathon__01"",""bqr_runner_001__2022-12-04__half__01"",""bqr_runner_001__2023-02-26__half__01"",""bqr_runner_001__2023-03-26__half__01"",""bqr_runner_001__2023-09-03__half__01"",""bqr_runner_001__2023-11-05__marathon__01"",""bqr_runner_001__2023-12-03__half__01"",""bqr_runner_001__2024-11-24__marathon__01""]",720df17efc68989c11358f5c0c417e358eb4823cdc1126ff587bb5f705f2b2ce,d3-pre-race-features-1.0,296.2072268477867,6249.231968421181,predicted,243.32276336058777,5133.502,52.88446348719896,1115.7299684211803,covered,6f794a87563d8042a3268ef279bdec326cd23f21,Half Marathon,
602e452792985b2a2fde9b07,bqr_runner_001,bqr_runner_001__2025-02-23__half__01,efficiency_pace_hr_linear_v1,1.0,walk_forward_pre_race_v1,2026-08-03T00:00:00+00:00,2025-02-23T06:30:09.017000,"[""bqr_runner_001__2019-11-03__marathon__01"",""bqr_runner_001__2019-11-17__half__01"",""bqr_runner_001__2021-12-12__marathon__01"",""bqr_runner_001__2022-09-04__half__01"",""bqr_runner_001__2022-11-06__marathon__01"",""bqr_runner_001__2022-12-04__half__01"",""bqr_runner_001__2023-02-26__half__01"",""bqr_runner_001__2023-03-26__half__01"",""bqr_runner_001__2023-09-03__half__01"",""bqr_runner_001__2023-11-05__marathon__01"",""bqr_runner_001__2023-12-03__half__01"",""bqr_runner_001__2024-11-24__marathon__01""]",720df17efc68989c11358f5c0c417e358eb4823cdc1126ff587bb5f705f2b2ce,d3-pre-race-features-1.0,281.12176473957925,5930.966431593273,predicted,243.32276336058777,5133.502,37.79900137899148,797.4644315932728,covered,6f794a87563d8042a3268ef279bdec326cd23f21,Half Marathon,
d2b001e7ba051123411e5272,bqr_runner_001,bqr_runner_001__2025-02-23__half__01,efficiency_speed_hr_linear_v2,1.0,walk_forward_pre_race_v1,2026-08-03T00:00:00+00:00,2025-02-23T06:30:09.017000,"[""bqr_runner_001__2019-11-03__marathon__01"",""bqr_runner_001__2019-11-17__half__01"",""bqr_runner_001__2021-12-12__marathon__01"",""bqr_runner_001__2022-09-04__half__01"",""bqr_runner_001__2022-11-06__marathon__01"",""bqr_runner_001__2022-12-04__half__01"",""bqr_runner_001__2023-02-26__half__01"",""bqr_runner_001__2023-03-26__half__01"",""bqr_runner_001__2023-09-03__half__01"",""bqr_runner_001__2023-11-05__marathon__01"",""bqr_runner_001__2023-12-03__half__01"",""bqr_runner_001__2024-11-24__marathon__01""]",720df17efc68989c11358f5c0c417e358eb4823cdc1126ff587bb5f705f2b2ce,d3-pre-race-features-1.0,304.0554179287354,6414.809179751494,predicted,243.32276336058777,5133.502,60.73265456814761,1281.307179751494,covered,6f794a87563d8042a3268ef279bdec326cd23f21,Half Marathon,
322e3332d241b2cb309fb7f5,bqr_runner_001,bqr_runner_001__2025-02-23__half__01,distance_profile_regression_v1,1.0,walk_forward_pre_race_v1,2026-08-03T00:00:00+00:00,2025-02-23T06:30:09.017000,"[""bqr_runner_001__2019-11-03__marathon__01"",""bqr_runner_001__2019-11-17__half__01"",""bqr_runner_001__2021-12-12__marathon__01"",""bqr_runner_001__2022-09-04__half__01"",""bqr_runner_001__2022-11-06__marathon__01"",""bqr_runner_001__2022-12-04__half__01"",""bqr_runner_001__2023-02-26__half__01"",""bqr_runner_001__2023-03-26__half__01"",""bqr_runner_001__2023-09-03__half__01"",""bqr_runner_001__2023-11-05__marathon__01"",""bqr_runner_001__2023-12-03__half__01"",""bqr_runner_001__2024-11-24__marathon__01""]",720df17efc68989c11358f5c0c417e358eb4823cdc1126ff587bb5f705f2b2ce,d3-pre-race-features-1.0,311.6604442177041,6575.256221883012,predicted,243.32276336058777,5133.502,68.33768085711631,1441.7542218830113,covered,6f794a87563d8042a3268ef279bdec326cd23f21,Half Marathon,
d0aea6f3e06649cfb2b511ff,bqr_runner_001,bqr_runner_001__2025-02-23__half__01,recent_vs_peak_blend_v1,1.0,walk_forward_pre_race_v1,2026-08-03T00:00:00+00:00,2025-02-23T06:30:09.017000,"[""bqr_runner_001__2019-11-03__marathon__01"",""bqr_runner_001__2019-11-17__half__01"",""bqr_runner_001__2021-12-12__marathon__01"",""bqr_runner_001__2022-09-04__half__01"",""bqr_runner_001__2022-11-06__marathon__01"",""bqr_runner_001__2022-12-04__half__01"",""bqr_runner_001__2023-02-26__half__01"",""bqr_runner_001__2023-03-26__half__01"",""bqr_runner_001__2023-09-03__half__01"",""bqr_runner_001__2023-11-05__marathon__01"",""bqr_runner_001__2023-12-03__half__01"",""bqr_runner_001__2024-11-24__marathon__01""]",720df17efc68989c11358f5c0c417e358eb4823cdc1126ff587bb5f705f2b2ce,d3-pre-race-features-1.0,292.99196905490066,6181.398067135767,predicted,243.32276336058777,5133.502,49.66920569431289,1047.8960671357663,covered,6f794a87563d8042a3268ef279bdec326cd23f21,Half Marathon,
21f85d8538193c906b252b32,bqr_runner_001,bqr_runner_001__2025-02-23__half__01,race_specific_history_v1,1.0,walk_forward_pre_race_v1,2026-08-03T00:00:00+00:00,2025-02-23T06:30:09.017000,"[""bqr_runner_001__2019-11-03__marathon__01"",""bqr_runner_001__2019-11-17__half__01"",""bqr_runner_001__2021-12-12__marathon__01"",""bqr_runner_001__2022-09-04__half__01"",""bqr_runner_001__2022-11-06__marathon__01"",""bqr_runner_001__2022-12-04__half__01"",""bqr_runner_001__2023-02-26__half__01"",""bqr_runner_001__2023-03-26__half__01"",""bqr_runner_001__2023-09-03__half__01"",""bqr_runner_001__2023-11-05__marathon__01"",""bqr_runner_001__2023-12-03__half__01"",""bqr_runner_001__2024-11-24__marathon__01""]",720df17efc68989c11358f5c0c417e358eb4823cdc1126ff587bb5f705f2b2ce,d3-pre-race-features-1.0,238.08361840958187,5022.969139396154,predicted,243.32276336058777,5133.502,-5.239144951005898,-110.53286060384653,covered,6f794a87563d8042a3268ef279bdec326cd23f21,Half Marathon,
bfff6cd955ff164e0d8b6688,bqr_runner_001,bqr_runner_001__2025-02-23__half__01,baseline_distance_scaling_personalized_v1,1.0,walk_forward_pre_race_v1,2026-08-03T00:00:00+00:00,2025-02-23T06:30:09.017000,"[""bqr_runner_001__2019-11-03__marathon__01"",""bqr_runner_001__2019-11-17__half__01"",""bqr_runner_001__2021-12-12__marathon__01"",""bqr_runner_001__2022-09-04__half__01"",""bqr_runner_001__2022-11-06__marathon__01"",""bqr_runner_001__2022-12-04__half__01"",""bqr_runner_001__2023-02-26__half__01"",""bqr_runner_001__2023-03-26__half__01"",""bqr_runner_001__2023-09-03__half__01"",""bqr_runner_001__2023-11-05__marathon__01"",""bqr_runner_001__2023-12-03__half__01"",""bqr_runner_001__2024-11-24__marathon__01""]",720df17efc68989c11358f5c0c417e358eb4823cdc1126ff587bb5f705f2b2ce,d3-pre-race-features-1.0,238.08361840958187,5022.969139396154,predicted,243.32276336058777,5133.502,-5.239144951005898,-110.53286060384653,covered,6f794a87563d8042a3268ef279bdec326cd23f21,Half Marathon,
e6214103c755ba266616a3c4,bqr_runner_001,bqr_runner_001__2025-05-03__10k__01,baseline_last_race_v1,1.0,walk_forward_pre_race_v1,2026-08-03T00:00:00+00:00,2025-05-03T17:45:34.554000,[],d6811a32be4823397980598fdac4c1f5176a56c1daaa9ce0c941780af79b5535,d3-pre-race-features-1.0,,,insufficient_history,240.4377,2404.377,,,not_covered,6f794a87563d8042a3268ef279bdec326cd23f21,10K,requires one prior same-class race
711a704b65b26f8b340c2ac3,bqr_runner_001,bqr_runner_001__2025-05-03__10k__01,baseline_class_median_v1,1.0,walk_forward_pre_race_v1,2026-08-03T00:00:00+00:00,2025-05-03T17:45:34.554000,[],d6811a32be4823397980598fdac4c1f5176a56c1daaa9ce0c941780af79b5535,d3-pre-race-features-1.0,,,insufficient_history,240.4377,2404.377,,,not_covered,6f794a87563d8042a3268ef279bdec326cd23f21,10K,requires two prior same-class races
380f34f06cfec9f08e14bee7,bqr_runner_001,bqr_runner_001__2025-05-03__10k__01,baseline_recent_pace_v1,1.0,walk_forward_pre_race_v1,2026-08-03T00:00:00+00:00,2025-05-03T17:45:34.554000,"[""bqr_runner_001__2019-11-03__marathon__01"",""bqr_runner_001__2019-11-17__half__01"",""bqr_runner_001__2021-12-12__marathon__01"",""bqr_runner_001__2022-09-04__half__01"",""bqr_runner_001__2022-11-06__marathon__01"",""bqr_runner_001__2022-12-04__half__01"",""bqr_runner_001__2023-02-26__half__01"",""bqr_runner_001__2023-03-26__half__01"",""bqr_runner_001__2023-09-03__half__01"",""bqr_runner_001__2023-11-05__marathon__01"",""bqr_runner_001__2023-12-03__half__01"",""bqr_runner_001__2024-11-24__marathon__01"",""bqr_runner_001__2025-02-23__half__01""]",d6811a32be4823397980598fdac4c1f5176a56c1daaa9ce0c941780af79b5535,d3-pre-race-features-1.0,278.48023038263756,2784.8023038263755,predicted,240.4377,2404.377,38.04253038263755,380.4253038263755,covered,6f794a87563d8042a3268ef279bdec326cd23f21,10K,
378e456293b1724ce6690751,bqr_runner_001,bqr_runner_001__2025-05-03__10k__01,baseline_distance_scaling_v1,1.0,walk_forward_pre_race_v1,2026-08-03T00:00:00+00:00,2025-05-03T17:45:34.554000,"[""bqr_runner_001__2025-02-23__half__01""]",d6811a32be4823397980598fdac4c1f5176a56c1daaa9ce0c941780af79b5535,d3-pre-race-features-1.0,232.6638339135174,2326.638339135174,predicted,240.4377,2404.377,-7.773866086482599,-77.73866086482576,covered,6f794a87563d8042a3268ef279bdec326cd23f21,10K,
d96fc82d92b9d13c09d2de7e,bqr_runner_001,bqr_runner_001__2025-05-03__10k__01,pace_hr_linear_v1,1.0,walk_forward_pre_race_v1,2026-08-03T00:00:00+00:00,2025-05-03T17:45:34.554000,"[""bqr_runner_001__2019-11-03__marathon__01"",""bqr_runner_001__2019-11-17__half__01"",""bqr_runner_001__2021-12-12__marathon__01"",""bqr_runner_001__2022-09-04__half__01"",""bqr_runner_001__2022-11-06__marathon__01"",""bqr_runner_001__2022-12-04__half__01"",""bqr_runner_001__2023-02-26__half__01"",""bqr_runner_001__2023-03-26__half__01"",""bqr_runner_001__2023-09-03__half__01"",""bqr_runner_001__2023-11-05__marathon__01"",""bqr_runner_001__2023-12-03__half__01"",""bqr_runner_001__2024-11-24__marathon__01"",""bqr_runner_001__2025-02-23__half__01""]",d6811a32be4823397980598fdac4c1f5176a56c1daaa9ce0c941780af79b5535,d3-pre-race-features-1.0,301.2262495338058,3012.262495338058,predicted,240.4377,2404.377,60.78854953380579,607.8854953380583,covered,6f794a87563d8042a3268ef279bdec326cd23f21,10K,
9f59e97da76e2ddb79d9bc9e,bqr_runner_001,bqr_runner_001__2025-05-03__10k__01,efficiency_pace_hr_linear_v1,1.0,walk_forward_pre_race_v1,2026-08-03T00:00:00+00:00,2025-05-03T17:45:34.554000,"[""bqr_runner_001__2019-11-03__marathon__01"",""bqr_runner_001__2019-11-17__half__01"",""bqr_runner_001__2021-12-12__marathon__01"",""bqr_runner_001__2022-09-04__half__01"",""bqr_runner_001__2022-11-06__marathon__01"",""bqr_runner_001__2022-12-04__half__01"",""bqr_runner_001__2023-02-26__half__01"",""bqr_runner_001__2023-03-26__half__01"",""bqr_runner_001__2023-09-03__half__01"",""bqr_runner_001__2023-11-05__marathon__01"",""bqr_runner_001__2023-12-03__half__01"",""bqr_runner_001__2024-11-24__marathon__01"",""bqr_runner_001__2025-02-23__half__01""]",d6811a32be4823397980598fdac4c1f5176a56c1daaa9ce0c941780af79b5535,d3-pre-race-features-1.0,274.58694238730953,2745.8694238730955,predicted,240.4377,2404.377,34.14924238730953,341.4924238730955,covered,6f794a87563d8042a3268ef279bdec326cd23f21,10K,
481134a8b0e99a4fa5072d5a,bqr_runner_001,bqr_runner_001__2025-05-03__10k__01,efficiency_speed_hr_linear_v2,1.0,walk_forward_pre_race_v1,2026-08-03T00:00:00+00:00,2025-05-03T17:45:34.554000,"[""bqr_runner_001__2019-11-03__marathon__01"",""bqr_runner_001__2019-11-17__half__01"",""bqr_runner_001__2021-12-12__marathon__01"",""bqr_runner_001__2022-09-04__half__01"",""bqr_runner_001__2022-11-06__marathon__01"",""bqr_runner_001__2022-12-04__half__01"",""bqr_runner_001__2023-02-26__half__01"",""bqr_runner_001__2023-03-26__half__01"",""bqr_runner_001__2023-09-03__half__01"",""bqr_runner_001__2023-11-05__marathon__01"",""bqr_runner_001__2023-12-03__half__01"",""bqr_runner_001__2024-11-24__marathon__01"",""bqr_runner_001__2025-02-23__half__01""]",d6811a32be4823397980598fdac4c1f5176a56c1daaa9ce0c941780af79b5535,d3-pre-race-features-1.0,306.6545622431507,3066.5456224315067,predicted,240.4377,2404.377,66.21686224315067,662.1686224315067,covered,6f794a87563d8042a3268ef279bdec326cd23f21,10K,
cf421e4aaa0f832658f68e83,bqr_runner_001,bqr_runner_001__2025-05-03__10k__01,distance_profile_regression_v1,1.0,walk_forward_pre_race_v1,2026-08-03T00:00:00+00:00,2025-05-03T17:45:34.554000,"[""bqr_runner_001__2019-11-03__marathon__01"",""bqr_runner_001__2019-11-17__half__01"",""bqr_runner_001__2021-12-12__marathon__01"",""bqr_runner_001__2022-09-04__half__01"",""bqr_runner_001__2022-11-06__marathon__01"",""bqr_runner_001__2022-12-04__half__01"",""bqr_runner_001__2023-02-26__half__01"",""bqr_runner_001__2023-03-26__half__01"",""bqr_runner_001__2023-09-03__half__01"",""bqr_runner_001__2023-11-05__marathon__01"",""bqr_runner_001__2023-12-03__half__01"",""bqr_runner_001__2024-11-24__marathon__01"",""bqr_runner_001__2025-02-23__half__01""]",d6811a32be4823397980598fdac4c1f5176a56c1daaa9ce0c941780af79b5535,d3-pre-race-features-1.0,304.8702938845976,3048.702938845976,predicted,240.4377,2404.377,64.43259388459757,644.325938845976,covered,6f794a87563d8042a3268ef279bdec326cd23f21,10K,
7f310af03a2d72a0374955f7,bqr_runner_001,bqr_runner_001__2025-05-03__10k__01,recent_vs_peak_blend_v1,1.0,walk_forward_pre_race_v1,2026-08-03T00:00:00+00:00,2025-05-03T17:45:34.554000,"[""bqr_runner_001__2019-11-03__marathon__01"",""bqr_runner_001__2019-11-17__half__01"",""bqr_runner_001__2021-12-12__marathon__01"",""bqr_runner_001__2022-09-04__half__01"",""bqr_runner_001__2022-11-06__marathon__01"",""bqr_runner_001__2022-12-04__half__01"",""bqr_runner_001__2023-02-26__half__01"",""bqr_runner_001__2023-03-26__half__01"",""bqr_runner_001__2023-09-03__half__01"",""bqr_runner_001__2023-11-05__marathon__01"",""bqr_runner_001__2023-12-03__half__01"",""bqr_runner_001__2024-11-24__marathon__01"",""bqr_runner_001__2025-02-23__half__01""]",d6811a32be4823397980598fdac4c1f5176a56c1daaa9ce0c941780af79b5535,d3-pre-race-features-1.0,288.72019550220455,2887.2019550220457,predicted,240.4377,2404.377,48.28249550220454,482.82495502204574,covered,6f794a87563d8042a3268ef279bdec326cd23f21,10K,
7f1a3a4e48f874cc3ec21b5d,bqr_runner_001,bqr_runner_001__2025-05-03__10k__01,race_specific_history_v1,1.0,walk_forward_pre_race_v1,2026-08-03T00:00:00+00:00,2025-05-03T17:45:34.554000,"[""bqr_runner_001__2019-11-03__marathon__01"",""bqr_runner_001__2019-11-17__half__01"",""bqr_runner_001__2021-12-12__marathon__01"",""bqr_runner_001__2022-09-04__half__01"",""bqr_runner_001__2022-11-06__marathon__01"",""bqr_runner_001__2022-12-04__half__01"",""bqr_runner_001__2023-02-26__half__01"",""bqr_runner_001__2023-03-26__half__01"",""bqr_runner_001__2023-09-03__half__01"",""bqr_runner_001__2023-11-05__marathon__01"",""bqr_runner_001__2023-12-03__half__01"",""bqr_runner_001__2024-11-24__marathon__01"",""bqr_runner_001__2025-02-23__half__01""]",d6811a32be4823397980598fdac4c1f5176a56c1daaa9ce0c941780af79b5535,d3-pre-race-features-1.0,216.98786686162538,2169.878668616254,predicted,240.4377,2404.377,-23.44983313837463,-234.49833138374606,covered,6f794a87563d8042a3268ef279bdec326cd23f21,10K,
c7005d5d2c1699aeb262141c,bqr_runner_001,bqr_runner_001__2025-05-03__10k__01,baseline_distance_scaling_personalized_v1,1.0,walk_forward_pre_race_v1,2026-08-03T00:00:00+00:00,2025-05-03T17:45:34.554000,"[""bqr_runner_001__2019-11-03__marathon__01"",""bqr_runner_001__2019-11-17__half__01"",""bqr_runner_001__2021-12-12__marathon__01"",""bqr_runner_001__2022-09-04__half__01"",""bqr_runner_001__2022-11-06__marathon__01"",""bqr_runner_001__2022-12-04__half__01"",""bqr_runner_001__2023-02-26__half__01"",""bqr_runner_001__2023-03-26__half__01"",""bqr_runner_001__2023-09-03__half__01"",""bqr_runner_001__2023-11-05__marathon__01"",""bqr_runner_001__2023-12-03__half__01"",""bqr_runner_001__2024-11-24__marathon__01"",""bqr_runner_001__2025-02-23__half__01""]",d6811a32be4823397980598fdac4c1f5176a56c1daaa9ce0c941780af79b5535,d3-pre-race-features-1.0,216.98786686162538,2169.878668616254,predicted,240.4377,2404.377,-23.44983313837463,-234.49833138374606,covered,6f794a87563d8042a3268ef279bdec326cd23f21,10K,
1099181965664352ca6895e4,bqr_runner_001,bqr_runner_001__2025-07-27__10k__01,baseline_last_race_v1,1.0,walk_forward_pre_race_v1,2026-08-03T00:00:00+00:00,2025-07-27T07:37:47.180000,"[""bqr_runner_001__2025-05-03__10k__01""]",de668e45d380f4c8547535815d4762e5acbd2926ec4a2593bd91ccc13c968ec8,d3-pre-race-features-1.0,240.4377,2404.377,predicted,238.15030000000002,2381.503,2.287399999999991,22.873999999999796,covered,6f794a87563d8042a3268ef279bdec326cd23f21,10K,
147bbd1ff53992cdd77ede67,bqr_runner_001,bqr_runner_001__2025-07-27__10k__01,baseline_class_median_v1,1.0,walk_forward_pre_race_v1,2026-08-03T00:00:00+00:00,2025-07-27T07:37:47.180000,"[""bqr_runner_001__2025-05-03__10k__01""]",de668e45d380f4c8547535815d4762e5acbd2926ec4a2593bd91ccc13c968ec8,d3-pre-race-features-1.0,,,insufficient_history,238.15030000000002,2381.503,,,not_covered,6f794a87563d8042a3268ef279bdec326cd23f21,10K,requires two prior same-class races
ecb4f3d020879070bd931425,bqr_runner_001,bqr_runner_001__2025-07-27__10k__01,baseline_recent_pace_v1,1.0,walk_forward_pre_race_v1,2026-08-03T00:00:00+00:00,2025-07-27T07:37:47.180000,"[""bqr_runner_001__2019-11-03__marathon__01"",""bqr_runner_001__2019-11-17__half__01"",""bqr_runner_001__2021-12-12__marathon__01"",""bqr_runner_001__2022-09-04__half__01"",""bqr_runner_001__2022-11-06__marathon__01"",""bqr_runner_001__2022-12-04__half__01"",""bqr_runner_001__2023-02-26__half__01"",""bqr_runner_001__2023-03-26__half__01"",""bqr_runner_001__2023-09-03__half__01"",""bqr_runner_001__2023-11-05__marathon__01"",""bqr_runner_001__2023-12-03__half__01"",""bqr_runner_001__2024-11-24__marathon__01"",""bqr_runner_001__2025-02-23__half__01"",""bqr_runner_001__2025-05-03__10k__01""]",de668e45d380f4c8547535815d4762e5acbd2926ec4a2593bd91ccc13c968ec8,d3-pre-race-features-1.0,271.94987122970497,2719.4987122970497,predicted,238.15030000000002,2381.503,33.79957122970495,337.9957122970495,covered,6f794a87563d8042a3268ef279bdec326cd23f21,10K,
bd16021464357314d970ee66,bqr_runner_001,bqr_runner_001__2025-07-27__10k__01,baseline_distance_scaling_v1,1.0,walk_forward_pre_race_v1,2026-08-03T00:00:00+00:00,2025-07-27T07:37:47.180000,"[""bqr_runner_001__2025-05-03__10k__01""]",de668e45d380f4c8547535815d4762e5acbd2926ec4a2593bd91ccc13c968ec8,d3-pre-race-features-1.0,240.4377,2404.377,predicted,238.15030000000002,2381.503,2.287399999999991,22.873999999999796,covered,6f794a87563d8042a3268ef279bdec326cd23f21,10K,
2207b8c36d0c7a4f524a1921,bqr_runner_001,bqr_runner_001__2025-07-27__10k__01,pace_hr_linear_v1,1.0,walk_forward_pre_race_v1,2026-08-03T00:00:00+00:00,2025-07-27T07:37:47.180000,"[""bqr_runner_001__2019-11-03__marathon__01"",""bqr_runner_001__2019-11-17__half__01"",""bqr_runner_001__2021-12-12__marathon__01"",""bqr_runner_001__2022-09-04__half__01"",""bqr_runner_001__2022-11-06__marathon__01"",""bqr_runner_001__2022-12-04__half__01"",""bqr_runner_001__2023-02-26__half__01"",""bqr_runner_001__2023-03-26__half__01"",""bqr_runner_001__2023-09-03__half__01"",""bqr_runner_001__2023-11-05__marathon__01"",""bqr_runner_001__2023-12-03__half__01"",""bqr_runner_001__2024-11-24__marathon__01"",""bqr_runner_001__2025-02-23__half__01"",""bqr_runner_001__2025-05-03__10k__01""]",de668e45d380f4c8547535815d4762e5acbd2926ec4a2593bd91ccc13c968ec8,d3-pre-race-features-1.0,286.61307155287636,2866.1307155287636,predicted,238.15030000000002,2381.503,48.46277155287635,484.6277155287635,covered,6f794a87563d8042a3268ef279bdec326cd23f21,10K,
a6c91f82a40a651bf3edf32a,bqr_runner_001,bqr_runner_001__2025-07-27__10k__01,efficiency_pace_hr_linear_v1,1.0,walk_forward_pre_race_v1,2026-08-03T00:00:00+00:00,2025-07-27T07:37:47.180000,"[""bqr_runner_001__2019-11-03__marathon__01"",""bqr_runner_001__2019-11-17__half__01"",""bqr_runner_001__2021-12-12__marathon__01"",""bqr_runner_001__2022-09-04__half__01"",""bqr_runner_001__2022-11-06__marathon__01"",""bqr_runner_001__2022-12-04__half__01"",""bqr_runner_001__2023-02-26__half__01"",""bqr_runner_001__2023-03-26__half__01"",""bqr_runner_001__2023-09-03__half__01"",""bqr_runner_001__2023-11-05__marathon__01"",""bqr_runner_001__2023-12-03__half__01"",""bqr_runner_001__2024-11-24__marathon__01"",""bqr_runner_001__2025-02-23__half__01"",""bqr_runner_001__2025-05-03__10k__01""]",de668e45d380f4c8547535815d4762e5acbd2926ec4a2593bd91ccc13c968ec8,d3-pre-race-features-1.0,271.2455860712259,2712.455860712259,predicted,238.15030000000002,2381.503,33.09528607122587,330.9528607122588,covered,6f794a87563d8042a3268ef279bdec326cd23f21,10K,
c8831899f71109b0b4adb783,bqr_runner_001,bqr_runner_001__2025-07-27__10k__01,efficiency_speed_hr_linear_v2,1.0,walk_forward_pre_race_v1,2026-08-03T00:00:00+00:00,2025-07-27T07:37:47.180000,"[""bqr_runner_001__2019-11-03__marathon__01"",""bqr_runner_001__2019-11-17__half__01"",""bqr_runner_001__2021-12-12__marathon__01"",""bqr_runner_001__2022-09-04__half__01"",""bqr_runner_001__2022-11-06__marathon__01"",""bqr_runner_001__2022-12-04__half__01"",""bqr_runner_001__2023-02-26__half__01"",""bqr_runner_001__2023-03-26__half__01"",""bqr_runner_001__2023-09-03__half__01"",""bqr_runner_001__2023-11-05__marathon__01"",""bqr_runner_001__2023-12-03__half__01"",""bqr_runner_001__2024-11-24__marathon__01"",""bqr_runner_001__2025-02-23__half__01"",""bqr_runner_001__2025-05-03__10k__01""]",de668e45d380f4c8547535815d4762e5acbd2926ec4a2593bd91ccc13c968ec8,d3-pre-race-features-1.0,288.32193120382476,2883.2193120382476,predicted,238.15030000000002,2381.503,50.171631203824745,501.71631203824745,covered,6f794a87563d8042a3268ef279bdec326cd23f21,10K,
9d8414f5aeb635c4278aa340,bqr_runner_001,bqr_runner_001__2025-07-27__10k__01,distance_profile_regression_v1,1.0,walk_forward_pre_race_v1,2026-08-03T00:00:00+00:00,2025-07-27T07:37:47.180000,"[""bqr_runner_001__2019-11-03__marathon__01"",""bqr_runner_001__2019-11-17__half__01"",""bqr_runner_001__2021-12-12__marathon__01"",""bqr_runner_001__2022-09-04__half__01"",""bqr_runner_001__2022-11-06__marathon__01"",""bqr_runner_001__2022-12-04__half__01"",""bqr_runner_001__2023-02-26__half__01"",""bqr_runner_001__2023-03-26__half__01"",""bqr_runner_001__2023-09-03__half__01"",""bqr_runner_001__2023-11-05__marathon__01"",""bqr_runner_001__2023-12-03__half__01"",""bqr_runner_001__2024-11-24__marathon__01"",""bqr_runner_001__2025-02-23__half__01"",""bqr_runner_001__2025-05-03__10k__01""]",de668e45d380f4c8547535815d4762e5acbd2926ec4a2593bd91ccc13c968ec8,d3-pre-race-features-1.0,305.3375524812389,3053.375524812389,predicted,238.15030000000002,2381.503,67.18725248123889,671.8725248123887,covered,6f794a87563d8042a3268ef279bdec326cd23f21,10K,
4b9645d4e12191c40217fe3e,bqr_runner_001,bqr_runner_001__2025-07-27__10k__01,recent_vs_peak_blend_v1,1.0,walk_forward_pre_race_v1,2026-08-03T00:00:00+00:00,2025-07-27T07:37:47.180000,"[""bqr_runner_001__2019-11-03__marathon__01"",""bqr_runner_001__2019-11-17__half__01"",""bqr_runner_001__2021-12-12__marathon__01"",""bqr_runner_001__2022-09-04__half__01"",""bqr_runner_001__2022-11-06__marathon__01"",""bqr_runner_001__2022-12-04__half__01"",""bqr_runner_001__2023-02-26__half__01"",""bqr_runner_001__2023-03-26__half__01"",""bqr_runner_001__2023-09-03__half__01"",""bqr_runner_001__2023-11-05__marathon__01"",""bqr_runner_001__2023-12-03__half__01"",""bqr_runner_001__2024-11-24__marathon__01"",""bqr_runner_001__2025-02-23__half__01"",""bqr_runner_001__2025-05-03__10k__01""]",de668e45d380f4c8547535815d4762e5acbd2926ec4a2593bd91ccc13c968ec8,d3-pre-race-features-1.0,288.9665016200537,2889.665016200537,predicted,238.15030000000002,2381.503,50.816201620053675,508.162016200537,covered,6f794a87563d8042a3268ef279bdec326cd23f21,10K,
c6191c1d557abf1d8f63cdc4,bqr_runner_001,bqr_runner_001__2025-07-27__10k__01,race_specific_history_v1,1.0,walk_forward_pre_race_v1,2026-08-03T00:00:00+00:00,2025-07-27T07:37:47.180000,"[""bqr_runner_001__2019-11-03__marathon__01"",""bqr_runner_001__2019-11-17__half__01"",""bqr_runner_001__2021-12-12__marathon__01"",""bqr_runner_001__2022-09-04__half__01"",""bqr_runner_001__2022-11-06__marathon__01"",""bqr_runner_001__2022-12-04__half__01"",""bqr_runner_001__2023-02-26__half__01"",""bqr_runner_001__2023-03-26__half__01"",""bqr_runner_001__2023-09-03__half__01"",""bqr_runner_001__2023-11-05__marathon__01"",""bqr_runner_001__2023-12-03__half__01"",""bqr_runner_001__2024-11-24__marathon__01"",""bqr_runner_001__2025-02-23__half__01"",""bqr_runner_001__2025-05-03__10k__01""]",de668e45d380f4c8547535815d4762e5acbd2926ec4a2593bd91ccc13c968ec8,d3-pre-race-features-1.0,226.9038256069291,2269.038256069291,predicted,238.15030000000002,2381.503,-11.246474393070912,-112.46474393070912,covered,6f794a87563d8042a3268ef279bdec326cd23f21,10K,
3758767da82d50e1dd962110,bqr_runner_001,bqr_runner_001__2025-07-27__10k__01,baseline_distance_scaling_personalized_v1,1.0,walk_forward_pre_race_v1,2026-08-03T00:00:00+00:00,2025-07-27T07:37:47.180000,"[""bqr_runner_001__2019-11-03__marathon__01"",""bqr_runner_001__2019-11-17__half__01"",""bqr_runner_001__2021-12-12__marathon__01"",""bqr_runner_001__2022-09-04__half__01"",""bqr_runner_001__2022-11-06__marathon__01"",""bqr_runner_001__2022-12-04__half__01"",""bqr_runner_001__2023-02-26__half__01"",""bqr_runner_001__2023-03-26__half__01"",""bqr_runner_001__2023-09-03__half__01"",""bqr_runner_001__2023-11-05__marathon__01"",""bqr_runner_001__2023-12-03__half__01"",""bqr_runner_001__2024-11-24__marathon__01"",""bqr_runner_001__2025-02-23__half__01"",""bqr_runner_001__2025-05-03__10k__01""]",de668e45d380f4c8547535815d4762e5acbd2926ec4a2593bd91ccc13c968ec8,d3-pre-race-features-1.0,226.9038256069291,2269.038256069291,predicted,238.15030000000002,2381.503,-11.246474393070912,-112.46474393070912,covered,6f794a87563d8042a3268ef279bdec326cd23f21,10K,
13ae0497efb27ed1ea5a875f,bqr_runner_001,bqr_runner_001__2025-09-07__half__01,baseline_last_race_v1,1.0,walk_forward_pre_race_v1,2026-08-03T00:00:00+00:00,2025-09-07T07:04:49.841000,"[""bqr_runner_001__2019-11-17__half__01"",""bqr_runner_001__2022-09-04__half__01"",""bqr_runner_001__2022-12-04__half__01"",""bqr_runner_001__2023-02-26__half__01"",""bqr_runner_001__2023-03-26__half__01"",""bqr_runner_001__2023-09-03__half__01"",""bqr_runner_001__2023-12-03__half__01"",""bqr_runner_001__2025-02-23__half__01""]",b5d6e883952e9b045597e9e05904290a6c76f7110d73c3ad68da9c10056f5914,d3-pre-race-features-1.0,243.32276336058777,5133.502,predicted,246.50446735395187,5200.628,-3.1817039933640956,-67.1259999999993,covered,6f794a87563d8042a3268ef279bdec326cd23f21,Half Marathon,
e5f2f09d39491b1974759492,bqr_runner_001,bqr_runner_001__2025-09-07__half__01,baseline_class_median_v1,1.0,walk_forward_pre_race_v1,2026-08-03T00:00:00+00:00,2025-09-07T07:04:49.841000,"[""bqr_runner_001__2019-11-17__half__01"",""bqr_runner_001__2022-09-04__half__01"",""bqr_runner_001__2022-12-04__half__01"",""bqr_runner_001__2023-02-26__half__01"",""bqr_runner_001__2023-03-26__half__01"",""bqr_runner_001__2023-09-03__half__01"",""bqr_runner_001__2023-12-03__half__01"",""bqr_runner_001__2025-02-23__half__01""]",b5d6e883952e9b045597e9e05904290a6c76f7110d73c3ad68da9c10056f5914,d3-pre-race-features-1.0,239.88038867164357,5060.8765,predicted,246.50446735395187,5200.628,-6.624078682308294,-139.7514999999994,covered,6f794a87563d8042a3268ef279bdec326cd23f21,Half Marathon,
60e51c9481765f3515f6508b,bqr_runner_001,bqr_runner_001__2025-09-07__half__01,baseline_recent_pace_v1,1.0,walk_forward_pre_race_v1,2026-08-03T00:00:00+00:00,2025-09-07T07:04:49.841000,"[""bqr_runner_001__2019-11-03__marathon__01"",""bqr_runner_001__2019-11-17__half__01"",""bqr_runner_001__2021-12-12__marathon__01"",""bqr_runner_001__2022-09-04__half__01"",""bqr_runner_001__2022-11-06__marathon__01"",""bqr_runner_001__2022-12-04__half__01"",""bqr_runner_001__2023-02-26__half__01"",""bqr_runner_001__2023-03-26__half__01"",""bqr_runner_001__2023-09-03__half__01"",""bqr_runner_001__2023-11-05__marathon__01"",""bqr_runner_001__2023-12-03__half__01"",""bqr_runner_001__2024-11-24__marathon__01"",""bqr_runner_001__2025-02-23__half__01"",""bqr_runner_001__2025-05-03__10k__01"",""bqr_runner_001__2025-07-27__10k__01""]",b5d6e883952e9b045597e9e05904290a6c76f7110d73c3ad68da9c10056f5914,d3-pre-race-features-1.0,281.320448717087,5935.158166808743,predicted,246.50446735395187,5200.628,34.81598136313514,734.5301668087432,covered,6f794a87563d8042a3268ef279bdec326cd23f21,Half Marathon,
3540b378e992f77c7ecb4c35,bqr_runner_001,bqr_runner_001__2025-09-07__half__01,baseline_distance_scaling_v1,1.0,walk_forward_pre_race_v1,2026-08-03T00:00:00+00:00,2025-09-07T07:04:49.841000,"[""bqr_runner_001__2025-07-27__10k__01""]",b5d6e883952e9b045597e9e05904290a6c76f7110d73c3ad68da9c10056f5914,d3-pre-race-features-1.0,249.06057858864472,5254.555556773932,predicted,246.50446735395187,5200.628,2.5561112346928496,53.92755677393234,covered,6f794a87563d8042a3268ef279bdec326cd23f21,Half Marathon,
b3cea0c7b7ab659d51f6c303,bqr_runner_001,bqr_runner_001__2025-09-07__half__01,pace_hr_linear_v1,1.0,walk_forward_pre_race_v1,2026-08-03T00:00:00+00:00,2025-09-07T07:04:49.841000,"[""bqr_runner_001__2019-11-03__marathon__01"",""bqr_runner_001__2019-11-17__half__01"",""bqr_runner_001__2021-12-12__marathon__01"",""bqr_runner_001__2022-09-04__half__01"",""bqr_runner_001__2022-11-06__marathon__01"",""bqr_runner_001__2022-12-04__half__01"",""bqr_runner_001__2023-02-26__half__01"",""bqr_runner_001__2023-03-26__half__01"",""bqr_runner_001__2023-09-03__half__01"",""bqr_runner_001__2023-11-05__marathon__01"",""bqr_runner_001__2023-12-03__half__01"",""bqr_runner_001__2024-11-24__marathon__01"",""bqr_runner_001__2025-02-23__half__01"",""bqr_runner_001__2025-05-03__10k__01"",""bqr_runner_001__2025-07-27__10k__01""]",b5d6e883952e9b045597e9e05904290a6c76f7110d73c3ad68da9c10056f5914,d3-pre-race-features-1.0,280.8868558370807,5926.0104410228105,predicted,246.50446735395187,5200.628,34.382388483128835,725.3824410228108,covered,6f794a87563d8042a3268ef279bdec326cd23f21,Half Marathon,
2007045db0ebb641fa8664ec,bqr_runner_001,bqr_runner_001__2025-09-07__half__01,efficiency_pace_hr_linear_v1,1.0,walk_forward_pre_race_v1,2026-08-03T00:00:00+00:00,2025-09-07T07:04:49.841000,"[""bqr_runner_001__2019-11-03__marathon__01"",""bqr_runner_001__2019-11-17__half__01"",""bqr_runner_001__2021-12-12__marathon__01"",""bqr_runner_001__2022-09-04__half__01"",""bqr_runner_001__2022-11-06__marathon__01"",""bqr_runner_001__2022-12-04__half__01"",""bqr_runner_001__2023-02-26__half__01"",""bqr_runner_001__2023-03-26__half__01"",""bqr_runner_001__2023-09-03__half__01"",""bqr_runner_001__2023-11-05__marathon__01"",""bqr_runner_001__2023-12-03__half__01"",""bqr_runner_001__2024-11-24__marathon__01"",""bqr_runner_001__2025-02-23__half__01"",""bqr_runner_001__2025-05-03__10k__01"",""bqr_runner_001__2025-07-27__10k__01""]",b5d6e883952e9b045597e9e05904290a6c76f7110d73c3ad68da9c10056f5914,d3-pre-race-features-1.0,275.82397342636864,5819.196279362813,predicted,246.50446735395187,5200.628,29.31950607241677,618.568279362813,covered,6f794a87563d8042a3268ef279bdec326cd23f21,Half Marathon,
404e34d9da7006b748ad5b8f,bqr_runner_001,bqr_runner_001__2025-09-07__half__01,efficiency_speed_hr_linear_v2,1.0,walk_forward_pre_race_v1,2026-08-03T00:00:00+00:00,2025-09-07T07:04:49.841000,"[""bqr_runner_001__2019-11-03__marathon__01"",""bqr_runner_001__2019-11-17__half__01"",""bqr_runner_001__2021-12-12__marathon__01"",""bqr_runner_001__2022-09-04__half__01"",""bqr_runner_001__2022-11-06__marathon__01"",""bqr_runner_001__2022-12-04__half__01"",""bqr_runner_001__2023-02-26__half__01"",""bqr_runner_001__2023-03-26__half__01"",""bqr_runner_001__2023-09-03__half__01"",""bqr_runner_001__2023-11-05__marathon__01"",""bqr_runner_001__2023-12-03__half__01"",""bqr_runner_001__2024-11-24__marathon__01"",""bqr_runner_001__2025-02-23__half__01"",""bqr_runner_001__2025-05-03__10k__01"",""bqr_runner_001__2025-07-27__10k__01""]",b5d6e883952e9b045597e9e05904290a6c76f7110d73c3ad68da9c10056f5914,d3-pre-race-features-1.0,306.47729262232184,6465.904681099435,predicted,246.50446735395187,5200.628,59.972825268369974,1265.2766810994353,covered,6f794a87563d8042a3268ef279bdec326cd23f21,Half Marathon,
7beb9ae4f1707699e9f2abcb,bqr_runner_001,bqr_runner_001__2025-09-07__half__01,distance_profile_regression_v1,1.0,walk_forward_pre_race_v1,2026-08-03T00:00:00+00:00,2025-09-07T07:04:49.841000,"[""bqr_runner_001__2019-11-03__marathon__01"",""bqr_runner_001__2019-11-17__half__01"",""bqr_runner_001__2021-12-12__marathon__01"",""bqr_runner_001__2022-09-04__half__01"",""bqr_runner_001__2022-11-06__marathon__01"",""bqr_runner_001__2022-12-04__half__01"",""bqr_runner_001__2023-02-26__half__01"",""bqr_runner_001__2023-03-26__half__01"",""bqr_runner_001__2023-09-03__half__01"",""bqr_runner_001__2023-11-05__marathon__01"",""bqr_runner_001__2023-12-03__half__01"",""bqr_runner_001__2024-11-24__marathon__01"",""bqr_runner_001__2025-02-23__half__01"",""bqr_runner_001__2025-05-03__10k__01"",""bqr_runner_001__2025-07-27__10k__01""]",b5d6e883952e9b045597e9e05904290a6c76f7110d73c3ad68da9c10056f5914,d3-pre-race-features-1.0,313.11011247656353,6605.840597974299,predicted,246.50446735395187,5200.628,66.60564512261166,1405.2125979742996,covered,6f794a87563d8042a3268ef279bdec326cd23f21,Half Marathon,
676aa61daa78209182b92859,bqr_runner_001,bqr_runner_001__2025-09-07__half__01,recent_vs_peak_blend_v1,1.0,walk_forward_pre_race_v1,2026-08-03T00:00:00+00:00,2025-09-07T07:04:49.841000,"[""bqr_runner_001__2019-11-03__marathon__01"",""bqr_runner_001__2019-11-17__half__01"",""bqr_runner_001__2021-12-12__marathon__01"",""bqr_runner_001__2022-09-04__half__01"",""bqr_runner_001__2022-11-06__marathon__01"",""bqr_runner_001__2022-12-04__half__01"",""bqr_runner_001__2023-02-26__half__01"",""bqr_runner_001__2023-03-26__half__01"",""bqr_runner_001__2023-09-03__half__01"",""bqr_runner_001__2023-11-05__marathon__01"",""bqr_runner_001__2023-12-03__half__01"",""bqr_runner_001__2024-11-24__marathon__01"",""bqr_runner_001__2025-02-23__half__01"",""bqr_runner_001__2025-05-03__10k__01"",""bqr_runner_001__2025-07-27__10k__01""]",b5d6e883952e9b045597e9e05904290a6c76f7110d73c3ad68da9c10056f5914,d3-pre-race-features-1.0,293.1431904502156,6184.588460523424,predicted,246.50446735395187,5200.628,46.63872309626376,983.9604605234244,covered,6f794a87563d8042a3268ef279bdec326cd23f21,Half Marathon,
a4eb289dc212f1720e3c476e,bqr_runner_001,bqr_runner_001__2025-09-07__half__01,race_specific_history_v1,1.0,walk_forward_pre_race_v1,2026-08-03T00:00:00+00:00,2025-09-07T07:04:49.841000,"[""bqr_runner_001__2019-11-03__marathon__01"",""bqr_runner_001__2019-11-17__half__01"",""bqr_runner_001__2021-12-12__marathon__01"",""bqr_runner_001__2022-09-04__half__01"",""bqr_runner_001__2022-11-06__marathon__01"",""bqr_runner_001__2022-12-04__half__01"",""bqr_runner_001__2023-02-26__half__01"",""bqr_runner_001__2023-03-26__half__01"",""bqr_runner_001__2023-09-03__half__01"",""bqr_runner_001__2023-11-05__marathon__01"",""bqr_runner_001__2023-12-03__half__01"",""bqr_runner_001__2024-11-24__marathon__01"",""bqr_runner_001__2025-02-23__half__01"",""bqr_runner_001__2025-05-03__10k__01"",""bqr_runner_001__2025-07-27__10k__01""]",b5d6e883952e9b045597e9e05904290a6c76f7110d73c3ad68da9c10056f5914,d3-pre-race-features-1.0,243.55054028342673,5138.307523629595,predicted,246.50446735395187,5200.628,-2.9539270705251397,-62.32047637040432,covered,6f794a87563d8042a3268ef279bdec326cd23f21,Half Marathon,
300708154fff14b8021c31a3,bqr_runner_001,bqr_runner_001__2025-09-07__half__01,baseline_distance_scaling_personalized_v1,1.0,walk_forward_pre_race_v1,2026-08-03T00:00:00+00:00,2025-09-07T07:04:49.841000,"[""bqr_runner_001__2019-11-03__marathon__01"",""bqr_runner_001__2019-11-17__half__01"",""bqr_runner_001__2021-12-12__marathon__01"",""bqr_runner_001__2022-09-04__half__01"",""bqr_runner_001__2022-11-06__marathon__01"",""bqr_runner_001__2022-12-04__half__01"",""bqr_runner_001__2023-02-26__half__01"",""bqr_runner_001__2023-03-26__half__01"",""bqr_runner_001__2023-09-03__half__01"",""bqr_runner_001__2023-11-05__marathon__01"",""bqr_runner_001__2023-12-03__half__01"",""bqr_runner_001__2024-11-24__marathon__01"",""bqr_runner_001__2025-02-23__half__01"",""bqr_runner_001__2025-05-03__10k__01"",""bqr_runner_001__2025-07-27__10k__01""]",b5d6e883952e9b045597e9e05904290a6c76f7110d73c3ad68da9c10056f5914,d3-pre-race-features-1.0,243.55054028342673,5138.307523629595,predicted,246.50446735395187,5200.628,-2.9539270705251397,-62.32047637040432,covered,6f794a87563d8042a3268ef279bdec326cd23f21,Half Marathon,
fb705c6385087d3ba59e4fb6,bqr_runner_001,bqr_runner_001__2025-11-30__marathon__01,baseline_last_race_v1,1.0,walk_forward_pre_race_v1,2026-08-03T00:00:00+00:00,2025-11-30T06:41:50,"[""bqr_runner_001__2019-11-03__marathon__01"",""bqr_runner_001__2021-12-12__marathon__01"",""bqr_runner_001__2022-11-06__marathon__01"",""bqr_runner_001__2023-11-05__marathon__01"",""bqr_runner_001__2024-11-24__marathon__01""]",9d0f73125f63abf2ea080d76215ee5fee42910ff64dcfe91efdced8196851297,d3-pre-race-features-1.0,263.96492475411776,11137.999999999998,predicted,266.93037089702574,11263.127,-2.965446142907979,-125.12700000000223,covered,6f794a87563d8042a3268ef279bdec326cd23f21,Marathon,
0a4eb7fe73252ac13a2429c5,bqr_runner_001,bqr_runner_001__2025-11-30__marathon__01,baseline_class_median_v1,1.0,walk_forward_pre_race_v1,2026-08-03T00:00:00+00:00,2025-11-30T06:41:50,"[""bqr_runner_001__2019-11-03__marathon__01"",""bqr_runner_001__2021-12-12__marathon__01"",""bqr_runner_001__2022-11-06__marathon__01"",""bqr_runner_001__2023-11-05__marathon__01"",""bqr_runner_001__2024-11-24__marathon__01""]",9d0f73125f63abf2ea080d76215ee5fee42910ff64dcfe91efdced8196851297,d3-pre-race-features-1.0,263.96492475411776,11137.999999999998,predicted,266.93037089702574,11263.127,-2.965446142907979,-125.12700000000223,covered,6f794a87563d8042a3268ef279bdec326cd23f21,Marathon,
e4cb1289669d0af05b79c13e,bqr_runner_001,bqr_runner_001__2025-11-30__marathon__01,baseline_recent_pace_v1,1.0,walk_forward_pre_race_v1,2026-08-03T00:00:00+00:00,2025-11-30T06:41:50,"[""bqr_runner_001__2019-11-03__marathon__01"",""bqr_runner_001__2019-11-17__half__01"",""bqr_runner_001__2021-12-12__marathon__01"",""bqr_runner_001__2022-09-04__half__01"",""bqr_runner_001__2022-11-06__marathon__01"",""bqr_runner_001__2022-12-04__half__01"",""bqr_runner_001__2023-02-26__half__01"",""bqr_runner_001__2023-03-26__half__01"",""bqr_runner_001__2023-09-03__half__01"",""bqr_runner_001__2023-11-05__marathon__01"",""bqr_runner_001__2023-12-03__half__01"",""bqr_runner_001__2024-11-24__marathon__01"",""bqr_runner_001__2025-02-23__half__01"",""bqr_runner_001__2025-05-03__10k__01"",""bqr_runner_001__2025-07-27__10k__01"",""bqr_runner_001__2025-09-07__half__01""]",9d0f73125f63abf2ea080d76215ee5fee42910ff64dcfe91efdced8196851297,d3-pre-race-features-1.0,287.99163176948076,12151.80690251324,predicted,266.93037089702574,11263.127,21.061260872455023,888.6799025132404,covered,6f794a87563d8042a3268ef279bdec326cd23f21,Marathon,
08628e78931cf032a93d6291,bqr_runner_001,bqr_runner_001__2025-11-30__marathon__01,baseline_distance_scaling_v1,1.0,walk_forward_pre_race_v1,2026-08-03T00:00:00+00:00,2025-11-30T06:41:50,"[""bqr_runner_001__2025-09-07__half__01""]",9d0f73125f63abf2ea080d76215ee5fee42910ff64dcfe91efdced8196851297,d3-pre-race-features-1.0,256.97246711087286,10842.953249743281,predicted,266.93037089702574,11263.127,-9.957903786152883,-420.17375025671936,covered,6f794a87563d8042a3268ef279bdec326cd23f21,Marathon,
ba55a99766c060b920ec3852,bqr_runner_001,bqr_runner_001__2025-11-30__marathon__01,pace_hr_linear_v1,1.0,walk_forward_pre_race_v1,2026-08-03T00:00:00+00:00,2025-11-30T06:41:50,"[""bqr_runner_001__2019-11-03__marathon__01"",""bqr_runner_001__2019-11-17__half__01"",""bqr_runner_001__2021-12-12__marathon__01"",""bqr_runner_001__2022-09-04__half__01"",""bqr_runner_001__2022-11-06__marathon__01"",""bqr_runner_001__2022-12-04__half__01"",""bqr_runner_001__2023-02-26__half__01"",""bqr_runner_001__2023-03-26__half__01"",""bqr_runner_001__2023-09-03__half__01"",""bqr_runner_001__2023-11-05__marathon__01"",""bqr_runner_001__2023-12-03__half__01"",""bqr_runner_001__2024-11-24__marathon__01"",""bqr_runner_001__2025-02-23__half__01"",""bqr_runner_001__2025-05-03__10k__01"",""bqr_runner_001__2025-07-27__10k__01"",""bqr_runner_001__2025-09-07__half__01""]",9d0f73125f63abf2ea080d76215ee5fee42910ff64dcfe91efdced8196851297,d3-pre-race-features-1.0,278.9452853216246,11770.09631414595,predicted,266.93037089702574,11263.127,12.014914424598885,506.9693141459502,covered,6f794a87563d8042a3268ef279bdec326cd23f21,Marathon,
3c73e731a1746059ba308f52,bqr_runner_001,bqr_runner_001__2025-11-30__marathon__01,efficiency_pace_hr_linear_v1,1.0,walk_forward_pre_race_v1,2026-08-03T00:00:00+00:00,2025-11-30T06:41:50,"[""bqr_runner_001__2019-11-03__marathon__01"",""bqr_runner_001__2019-11-17__half__01"",""bqr_runner_001__2021-12-12__marathon__01"",""bqr_runner_001__2022-09-04__half__01"",""bqr_runner_001__2022-11-06__marathon__01"",""bqr_runner_001__2022-12-04__half__01"",""bqr_runner_001__2023-02-26__half__01"",""bqr_runner_001__2023-03-26__half__01"",""bqr_runner_001__2023-09-03__half__01"",""bqr_runner_001__2023-11-05__marathon__01"",""bqr_runner_001__2023-12-03__half__01"",""bqr_runner_001__2024-11-24__marathon__01"",""bqr_runner_001__2025-02-23__half__01"",""bqr_runner_001__2025-05-03__10k__01"",""bqr_runner_001__2025-07-27__10k__01"",""bqr_runner_001__2025-09-07__half__01""]",9d0f73125f63abf2ea080d76215ee5fee42910ff64dcfe91efdced8196851297,d3-pre-race-features-1.0,272.5741584046755,11501.266613885282,predicted,266.93037089702574,11263.127,5.6437875076497335,238.1396138852815,covered,6f794a87563d8042a3268ef279bdec326cd23f21,Marathon,
3f9bf9c33cf68cd544732cc2,bqr_runner_001,bqr_runner_001__2025-11-30__marathon__01,efficiency_speed_hr_linear_v2,1.0,walk_forward_pre_race_v1,2026-08-03T00:00:00+00:00,2025-11-30T06:41:50,"[""bqr_runner_001__2019-11-03__marathon__01"",""bqr_runner_001__2019-11-17__half__01"",""bqr_runner_001__2021-12-12__marathon__01"",""bqr_runner_001__2022-09-04__half__01"",""bqr_runner_001__2022-11-06__marathon__01"",""bqr_runner_001__2022-12-04__half__01"",""bqr_runner_001__2023-02-26__half__01"",""bqr_runner_001__2023-03-26__half__01"",""bqr_runner_001__2023-09-03__half__01"",""bqr_runner_001__2023-11-05__marathon__01"",""bqr_runner_001__2023-12-03__half__01"",""bqr_runner_001__2024-11-24__marathon__01"",""bqr_runner_001__2025-02-23__half__01"",""bqr_runner_001__2025-05-03__10k__01"",""bqr_runner_001__2025-07-27__10k__01"",""bqr_runner_001__2025-09-07__half__01""]",9d0f73125f63abf2ea080d76215ee5fee42910ff64dcfe91efdced8196851297,d3-pre-race-features-1.0,315.941383222401,13331.14666506921,predicted,266.93037089702574,11263.127,49.01101232537525,2068.0196650692087,covered,6f794a87563d8042a3268ef279bdec326cd23f21,Marathon,
03573cf202c08dafc2b006b3,bqr_runner_001,bqr_runner_001__2025-11-30__marathon__01,distance_profile_regression_v1,1.0,walk_forward_pre_race_v1,2026-08-03T00:00:00+00:00,2025-11-30T06:41:50,"[""bqr_runner_001__2019-11-03__marathon__01"",""bqr_runner_001__2019-11-17__half__01"",""bqr_runner_001__2021-12-12__marathon__01"",""bqr_runner_001__2022-09-04__half__01"",""bqr_runner_001__2022-11-06__marathon__01"",""bqr_runner_001__2022-12-04__half__01"",""bqr_runner_001__2023-02-26__half__01"",""bqr_runner_001__2023-03-26__half__01"",""bqr_runner_001__2023-09-03__half__01"",""bqr_runner_001__2023-11-05__marathon__01"",""bqr_runner_001__2023-12-03__half__01"",""bqr_runner_001__2024-11-24__marathon__01"",""bqr_runner_001__2025-02-23__half__01"",""bqr_runner_001__2025-05-03__10k__01"",""bqr_runner_001__2025-07-27__10k__01"",""bqr_runner_001__2025-09-07__half__01""]",9d0f73125f63abf2ea080d76215ee5fee42910ff64dcfe91efdced8196851297,d3-pre-race-features-1.0,321.216996096186,13553.751150278567,predicted,266.93037089702574,11263.127,54.286625199160255,2290.624150278567,covered,6f794a87563d8042a3268ef279bdec326cd23f21,Marathon,
5ebc4da43bfb315268ad7b9a,bqr_runner_001,bqr_runner_001__2025-11-30__marathon__01,recent_vs_peak_blend_v1,1.0,walk_forward_pre_race_v1,2026-08-03T00:00:00+00:00,2025-11-30T06:41:50,"[""bqr_runner_001__2019-11-03__marathon__01"",""bqr_runner_001__2019-11-17__half__01"",""bqr_runner_001__2021-12-12__marathon__01"",""bqr_runner_001__2022-09-04__half__01"",""bqr_runner_001__2022-11-06__marathon__01"",""bqr_runner_001__2022-12-04__half__01"",""bqr_runner_001__2023-02-26__half__01"",""bqr_runner_001__2023-03-26__half__01"",""bqr_runner_001__2023-09-03__half__01"",""bqr_runner_001__2023-11-05__marathon__01"",""bqr_runner_001__2023-12-03__half__01"",""bqr_runner_001__2024-11-24__marathon__01"",""bqr_runner_001__2025-02-23__half__01"",""bqr_runner_001__2025-05-03__10k__01"",""bqr_runner_001__2025-07-27__10k__01"",""bqr_runner_001__2025-09-07__half__01""]",9d0f73125f63abf2ea080d76215ee5fee42910ff64dcfe91efdced8196851297,d3-pre-race-features-1.0,291.3358934091626,12292.918022399617,predicted,266.93037089702574,11263.127,24.405522512136884,1029.7910223996168,covered,6f794a87563d8042a3268ef279bdec326cd23f21,Marathon,
c13e30e28e035807eee5181e,bqr_runner_001,bqr_runner_001__2025-11-30__marathon__01,race_specific_history_v1,1.0,walk_forward_pre_race_v1,2026-08-03T00:00:00+00:00,2025-11-30T06:41:50,"[""bqr_runner_001__2019-11-03__marathon__01"",""bqr_runner_001__2019-11-17__half__01"",""bqr_runner_001__2021-12-12__marathon__01"",""bqr_runner_001__2022-09-04__half__01"",""bqr_runner_001__2022-11-06__marathon__01"",""bqr_runner_001__2022-12-04__half__01"",""bqr_runner_001__2023-02-26__half__01"",""bqr_runner_001__2023-03-26__half__01"",""bqr_runner_001__2023-09-03__half__01"",""bqr_runner_001__2023-11-05__marathon__01"",""bqr_runner_001__2023-12-03__half__01"",""bqr_runner_001__2024-11-24__marathon__01"",""bqr_runner_001__2025-02-23__half__01"",""bqr_runner_001__2025-05-03__10k__01"",""bqr_runner_001__2025-07-27__10k__01"",""bqr_runner_001__2025-09-07__half__01""]",9d0f73125f63abf2ea080d76215ee5fee42910ff64dcfe91efdced8196851297,d3-pre-race-features-1.0,256.70476556572737,10831.657583045866,predicted,266.93037089702574,11263.127,-10.225605331298368,-431.46941695413443,covered,6f794a87563d8042a3268ef279bdec326cd23f21,Marathon,
852e15fed24a02c2dafa7324,bqr_runner_001,bqr_runner_001__2025-11-30__marathon__01,baseline_distance_scaling_personalized_v1,1.0,walk_forward_pre_race_v1,2026-08-03T00:00:00+00:00,2025-11-30T06:41:50,"[""bqr_runner_001__2019-11-03__marathon__01"",""bqr_runner_001__2019-11-17__half__01"",""bqr_runner_001__2021-12-12__marathon__01"",""bqr_runner_001__2022-09-04__half__01"",""bqr_runner_001__2022-11-06__marathon__01"",""bqr_runner_001__2022-12-04__half__01"",""bqr_runner_001__2023-02-26__half__01"",""bqr_runner_001__2023-03-26__half__01"",""bqr_runner_001__2023-09-03__half__01"",""bqr_runner_001__2023-11-05__marathon__01"",""bqr_runner_001__2023-12-03__half__01"",""bqr_runner_001__2024-11-24__marathon__01"",""bqr_runner_001__2025-02-23__half__01"",""bqr_runner_001__2025-05-03__10k__01"",""bqr_runner_001__2025-07-27__10k__01"",""bqr_runner_001__2025-09-07__half__01""]",9d0f73125f63abf2ea080d76215ee5fee42910ff64dcfe91efdced8196851297,d3-pre-race-features-1.0,256.70476556572737,10831.657583045866,predicted,266.93037089702574,11263.127,-10.225605331298368,-431.46941695413443,covered,6f794a87563d8042a3268ef279bdec326cd23f21,Marathon,
38fcb393c73dbd48fb142b2b,bqr_runner_001,bqr_runner_001__2026-02-22__half__01,baseline_last_race_v1,1.0,walk_forward_pre_race_v1,2026-08-03T00:00:00+00:00,2026-02-22T06:40:21,"[""bqr_runner_001__2019-11-17__half__01"",""bqr_runner_001__2022-09-04__half__01"",""bqr_runner_001__2022-12-04__half__01"",""bqr_runner_001__2023-02-26__half__01"",""bqr_runner_001__2023-03-26__half__01"",""bqr_runner_001__2023-09-03__half__01"",""bqr_runner_001__2023-12-03__half__01"",""bqr_runner_001__2025-02-23__half__01"",""bqr_runner_001__2025-09-07__half__01""]",684a33c022c49d82ee7f451c1f51996cf54c1fee8a031634fa2e038b704867cb,d3-pre-race-features-1.0,246.50446735395187,5200.628,predicted,304.89996445076434,6432.627,-58.39549709681248,-1231.9990000000007,covered,6f794a87563d8042a3268ef279bdec326cd23f21,Half Marathon,
76e5c9445a67717e032fbe8e,bqr_runner_001,bqr_runner_001__2026-02-22__half__01,baseline_class_median_v1,1.0,walk_forward_pre_race_v1,2026-08-03T00:00:00+00:00,2026-02-22T06:40:21,"[""bqr_runner_001__2019-11-17__half__01"",""bqr_runner_001__2022-09-04__half__01"",""bqr_runner_001__2022-12-04__half__01"",""bqr_runner_001__2023-02-26__half__01"",""bqr_runner_001__2023-03-26__half__01"",""bqr_runner_001__2023-09-03__half__01"",""bqr_runner_001__2023-12-03__half__01"",""bqr_runner_001__2025-02-23__half__01"",""bqr_runner_001__2025-09-07__half__01""]",684a33c022c49d82ee7f451c1f51996cf54c1fee8a031634fa2e038b704867cb,d3-pre-race-features-1.0,239.93966109728643,5062.127,predicted,304.89996445076434,6432.627,-64.96030335347791,-1370.5,covered,6f794a87563d8042a3268ef279bdec326cd23f21,Half Marathon,
e435f6e84c7b3839e19c1cdc,bqr_runner_001,bqr_runner_001__2026-02-22__half__01,baseline_recent_pace_v1,1.0,walk_forward_pre_race_v1,2026-08-03T00:00:00+00:00,2026-02-22T06:40:21,"[""bqr_runner_001__2019-11-03__marathon__01"",""bqr_runner_001__2019-11-17__half__01"",""bqr_runner_001__2021-12-12__marathon__01"",""bqr_runner_001__2022-09-04__half__01"",""bqr_runner_001__2022-11-06__marathon__01"",""bqr_runner_001__2022-12-04__half__01"",""bqr_runner_001__2023-02-26__half__01"",""bqr_runner_001__2023-03-26__half__01"",""bqr_runner_001__2023-09-03__half__01"",""bqr_runner_001__2023-11-05__marathon__01"",""bqr_runner_001__2023-12-03__half__01"",""bqr_runner_001__2024-11-24__marathon__01"",""bqr_runner_001__2025-02-23__half__01"",""bqr_runner_001__2025-05-03__10k__01"",""bqr_runner_001__2025-07-27__10k__01"",""bqr_runner_001__2025-09-07__half__01"",""bqr_runner_001__2025-11-30__marathon__01""]",684a33c022c49d82ee7f451c1f51996cf54c1fee8a031634fa2e038b704867cb,d3-pre-race-features-1.0,293.4518925658249,6191.10130340749,predicted,304.89996445076434,6432.627,-11.448071884939452,-241.52569659251003,covered,6f794a87563d8042a3268ef279bdec326cd23f21,Half Marathon,
59eae4dfcd43e96cdb021aec,bqr_runner_001,bqr_runner_001__2026-02-22__half__01,baseline_distance_scaling_v1,1.0,walk_forward_pre_race_v1,2026-08-03T00:00:00+00:00,2026-02-22T06:40:21,"[""bqr_runner_001__2025-11-30__marathon__01""]",684a33c022c49d82ee7f451c1f51996cf54c1fee8a031634fa2e038b704867cb,d3-pre-race-features-1.0,256.05672715970155,5402.156801251804,predicted,304.89996445076434,6432.627,-48.84323729106279,-1030.4701987481967,covered,6f794a87563d8042a3268ef279bdec326cd23f21,Half Marathon,
a5c16152ac3b38b35998ee46,bqr_runner_001,bqr_runner_001__2026-02-22__half__01,pace_hr_linear_v1,1.0,walk_forward_pre_race_v1,2026-08-03T00:00:00+00:00,2026-02-22T06:40:21,"[""bqr_runner_001__2019-11-03__marathon__01"",""bqr_runner_001__2019-11-17__half__01"",""bqr_runner_001__2021-12-12__marathon__01"",""bqr_runner_001__2022-09-04__half__01"",""bqr_runner_001__2022-11-06__marathon__01"",""bqr_runner_001__2022-12-04__half__01"",""bqr_runner_001__2023-02-26__half__01"",""bqr_runner_001__2023-03-26__half__01"",""bqr_runner_001__2023-09-03__half__01"",""bqr_runner_001__2023-11-05__marathon__01"",""bqr_runner_001__2023-12-03__half__01"",""bqr_runner_001__2024-11-24__marathon__01"",""bqr_runner_001__2025-02-23__half__01"",""bqr_runner_001__2025-05-03__10k__01"",""bqr_runner_001__2025-07-27__10k__01"",""bqr_runner_001__2025-09-07__half__01"",""bqr_runner_001__2025-11-30__marathon__01""]",684a33c022c49d82ee7f451c1f51996cf54c1fee8a031634fa2e038b704867cb,d3-pre-race-features-1.0,283.2992651035329,5976.906245521785,predicted,304.89996445076434,6432.627,-21.600699347231455,-455.720754478215,covered,6f794a87563d8042a3268ef279bdec326cd23f21,Half Marathon,
568024152970f06bad49dc8f,bqr_runner_001,bqr_runner_001__2026-02-22__half__01,efficiency_pace_hr_linear_v1,1.0,walk_forward_pre_race_v1,2026-08-03T00:00:00+00:00,2026-02-22T06:40:21,"[""bqr_runner_001__2019-11-03__marathon__01"",""bqr_runner_001__2019-11-17__half__01"",""bqr_runner_001__2021-12-12__marathon__01"",""bqr_runner_001__2022-09-04__half__01"",""bqr_runner_001__2022-11-06__marathon__01"",""bqr_runner_001__2022-12-04__half__01"",""bqr_runner_001__2023-02-26__half__01"",""bqr_runner_001__2023-03-26__half__01"",""bqr_runner_001__2023-09-03__half__01"",""bqr_runner_001__2023-11-05__marathon__01"",""bqr_runner_001__2023-12-03__half__01"",""bqr_runner_001__2024-11-24__marathon__01"",""bqr_runner_001__2025-02-23__half__01"",""bqr_runner_001__2025-05-03__10k__01"",""bqr_runner_001__2025-07-27__10k__01"",""bqr_runner_001__2025-09-07__half__01"",""bqr_runner_001__2025-11-30__marathon__01""]",684a33c022c49d82ee7f451c1f51996cf54c1fee8a031634fa2e038b704867cb,d3-pre-race-features-1.0,280.4622981243317,5917.0533346780885,predicted,304.89996445076434,6432.627,-24.437666326432634,-515.5736653219119,covered,6f794a87563d8042a3268ef279bdec326cd23f21,Half Marathon,
b66aa958fdc8713401ff2f83,bqr_runner_001,bqr_runner_001__2026-02-22__half__01,efficiency_speed_hr_linear_v2,1.0,walk_forward_pre_race_v1,2026-08-03T00:00:00+00:00,2026-02-22T06:40:21,"[""bqr_runner_001__2019-11-03__marathon__01"",""bqr_runner_001__2019-11-17__half__01"",""bqr_runner_001__2021-12-12__marathon__01"",""bqr_runner_001__2022-09-04__half__01"",""bqr_runner_001__2022-11-06__marathon__01"",""bqr_runner_001__2022-12-04__half__01"",""bqr_runner_001__2023-02-26__half__01"",""bqr_runner_001__2023-03-26__half__01"",""bqr_runner_001__2023-09-03__half__01"",""bqr_runner_001__2023-11-05__marathon__01"",""bqr_runner_001__2023-12-03__half__01"",""bqr_runner_001__2024-11-24__marathon__01"",""bqr_runner_001__2025-02-23__half__01"",""bqr_runner_001__2025-05-03__10k__01"",""bqr_runner_001__2025-07-27__10k__01"",""bqr_runner_001__2025-09-07__half__01"",""bqr_runner_001__2025-11-30__marathon__01""]",684a33c022c49d82ee7f451c1f51996cf54c1fee8a031634fa2e038b704867cb,d3-pre-race-features-1.0,333.589664030867,7037.907936891217,predicted,304.89996445076434,6432.627,28.689699580102683,605.2809368912167,covered,6f794a87563d8042a3268ef279bdec326cd23f21,Half Marathon,
1bd43f32a9dc04c39b33872c,bqr_runner_001,bqr_runner_001__2026-02-22__half__01,distance_profile_regression_v1,1.0,walk_forward_pre_race_v1,2026-08-03T00:00:00+00:00,2026-02-22T06:40:21,"[""bqr_runner_001__2019-11-03__marathon__01"",""bqr_runner_001__2019-11-17__half__01"",""bqr_runner_001__2021-12-12__marathon__01"",""bqr_runner_001__2022-09-04__half__01"",""bqr_runner_001__2022-11-06__marathon__01"",""bqr_runner_001__2022-12-04__half__01"",""bqr_runner_001__2023-02-26__half__01"",""bqr_runner_001__2023-03-26__half__01"",""bqr_runner_001__2023-09-03__half__01"",""bqr_runner_001__2023-11-05__marathon__01"",""bqr_runner_001__2023-12-03__half__01"",""bqr_runner_001__2024-11-24__marathon__01"",""bqr_runner_001__2025-02-23__half__01"",""bqr_runner_001__2025-05-03__10k__01"",""bqr_runner_001__2025-07-27__10k__01"",""bqr_runner_001__2025-09-07__half__01"",""bqr_runner_001__2025-11-30__marathon__01""]",684a33c022c49d82ee7f451c1f51996cf54c1fee8a031634fa2e038b704867cb,d3-pre-race-features-1.0,313.7149290515958,6618.600715666043,predicted,304.89996445076434,6432.627,8.814964600831445,185.97371566604215,covered,6f794a87563d8042a3268ef279bdec326cd23f21,Half Marathon,
7bf3a42b8c8db0d8e9179e44,bqr_runner_001,bqr_runner_001__2026-02-22__half__01,recent_vs_peak_blend_v1,1.0,walk_forward_pre_race_v1,2026-08-03T00:00:00+00:00,2026-02-22T06:40:21,"[""bqr_runner_001__2019-11-03__marathon__01"",""bqr_runner_001__2019-11-17__half__01"",""bqr_runner_001__2021-12-12__marathon__01"",""bqr_runner_001__2022-09-04__half__01"",""bqr_runner_001__2022-11-06__marathon__01"",""bqr_runner_001__2022-12-04__half__01"",""bqr_runner_001__2023-02-26__half__01"",""bqr_runner_001__2023-03-26__half__01"",""bqr_runner_001__2023-09-03__half__01"",""bqr_runner_001__2023-11-05__marathon__01"",""bqr_runner_001__2023-12-03__half__01"",""bqr_runner_001__2024-11-24__marathon__01"",""bqr_runner_001__2025-02-23__half__01"",""bqr_runner_001__2025-05-03__10k__01"",""bqr_runner_001__2025-07-27__10k__01"",""bqr_runner_001__2025-09-07__half__01"",""bqr_runner_001__2025-11-30__marathon__01""]",684a33c022c49d82ee7f451c1f51996cf54c1fee8a031634fa2e038b704867cb,d3-pre-race-features-1.0,300.4199448262467,6338.10978597174,predicted,304.89996445076434,6432.627,-4.480019624517638,-94.51721402826024,covered,6f794a87563d8042a3268ef279bdec326cd23f21,Half Marathon,
020f3a874a3074f76343a286,bqr_runner_001,bqr_runner_001__2026-02-22__half__01,race_specific_history_v1,1.0,walk_forward_pre_race_v1,2026-08-03T00:00:00+00:00,2026-02-22T06:40:21,"[""bqr_runner_001__2019-11-03__marathon__01"",""bqr_runner_001__2019-11-17__half__01"",""bqr_runner_001__2021-12-12__marathon__01"",""bqr_runner_001__2022-09-04__half__01"",""bqr_runner_001__2022-11-06__marathon__01"",""bqr_runner_001__2022-12-04__half__01"",""bqr_runner_001__2023-02-26__half__01"",""bqr_runner_001__2023-03-26__half__01"",""bqr_runner_001__2023-09-03__half__01"",""bqr_runner_001__2023-11-05__marathon__01"",""bqr_runner_001__2023-12-03__half__01"",""bqr_runner_001__2024-11-24__marathon__01"",""bqr_runner_001__2025-02-23__half__01"",""bqr_runner_001__2025-05-03__10k__01"",""bqr_runner_001__2025-07-27__10k__01"",""bqr_runner_001__2025-09-07__half__01"",""bqr_runner_001__2025-11-30__marathon__01""]",684a33c022c49d82ee7f451c1f51996cf54c1fee8a031634fa2e038b704867cb,d3-pre-race-features-1.0,244.08435046058352,5149.569583842161,predicted,304.89996445076434,6432.627,-60.81561399018082,-1283.0574161578397,covered,6f794a87563d8042a3268ef279bdec326cd23f21,Half Marathon,
29787159c11566fea31e92c9,bqr_runner_001,bqr_runner_001__2026-02-22__half__01,baseline_distance_scaling_personalized_v1,1.0,walk_forward_pre_race_v1,2026-08-03T00:00:00+00:00,2026-02-22T06:40:21,"[""bqr_runner_001__2019-11-03__marathon__01"",""bqr_runner_001__2019-11-17__half__01"",""bqr_runner_001__2021-12-12__marathon__01"",""bqr_runner_001__2022-09-04__half__01"",""bqr_runner_001__2022-11-06__marathon__01"",""bqr_runner_001__2022-12-04__half__01"",""bqr_runner_001__2023-02-26__half__01"",""bqr_runner_001__2023-03-26__half__01"",""bqr_runner_001__2023-09-03__half__01"",""bqr_runner_001__2023-11-05__marathon__01"",""bqr_runner_001__2023-12-03__half__01"",""bqr_runner_001__2024-11-24__marathon__01"",""bqr_runner_001__2025-02-23__half__01"",""bqr_runner_001__2025-05-03__10k__01"",""bqr_runner_001__2025-07-27__10k__01"",""bqr_runner_001__2025-09-07__half__01"",""bqr_runner_001__2025-11-30__marathon__01""]",684a33c022c49d82ee7f451c1f51996cf54c1fee8a031634fa2e038b704867cb,d3-pre-race-features-1.0,244.08435046058352,5149.569583842161,predicted,304.89996445076434,6432.627,-60.81561399018082,-1283.0574161578397,covered,6f794a87563d8042a3268ef279bdec326cd23f21,Half Marathon,
